{
  "optimizer": "COO",
  "function": "Rosenbrock_ShiftedRotated",
  "config": "optuna_Rosenbrock_ShiftedRotated_COO",
  "seed": 0,
  "status": "ok",
  "best_value": 0.0006949054815092043,
  "best_pos": [
    -2.35802,
    0.946104
  ],
  "time_sec": 0.1986,
  "conv_hist": [
    -1.2781306468895768,
    -1.2781306468895768,
    -0.3243283333440632,
    -0.16007403416376376,
    -0.10664305286112004,
    -0.015350684430370796,
    -0.015350684430370796,
    -0.015350684430370796,
    -0.015350684430370796,
    -0.007706102743653083,
    -0.005363998842721604,
    -0.005363998842721604,
    -0.005363998842721604,
    -0.0006949054815092043,
    -0.0006949054815092043,
    -0.0006949054815092043,
    -0.0006949054815092043,
    -0.0006949054815092043,
    -0.0006949054815092043,
    -0.0006949054815092043,
    -0.0006949054815092043,
    -0.0006949054815092043,
    -0.0006949054815092043
  ],
  "error": null,
  "pos_hist": [
    [
      -1.25623428240021,
      1.3046293376713476
    ],
    [
      -1.25623428240021,
      1.3046293376713476
    ],
    [
      -1.3715583697988618,
      1.1645273512993701
    ],
    [
      -1.595439657151581,
      1.075925493047487
    ],
    [
      -1.6733519396742154,
      1.0445725758369329
    ],
    [
      -2.212444842638027,
      0.9628476023174084
    ],
    [
      -2.212444842638027,
      0.9628476023174084
    ],
    [
      -2.212444842638027,
      0.9628476023174084
    ],
    [
      -2.212444842638027,
      0.9628476023174084
    ],
    [
      -2.5,
      0.938543707761094
    ],
    [
      -2.300011563852408,
      0.9531829546550002
    ],
    [
      -2.300011563852408,
      0.9531829546550002
    ],
    [
      -2.300011563852408,
      0.9531829546550002
    ],
    [
      -2.3580204002834426,
      0.9461035039015278
    ],
    [
      -2.3580204002834426,
      0.9461035039015278
    ],
    [
      -2.3580204002834426,
      0.9461035039015278
    ],
    [
      -2.3580204002834426,
      0.9461035039015278
    ],
    [
      -2.3580204002834426,
      0.9461035039015278
    ],
    [
      -2.3580204002834426,
      0.9461035039015278
    ],
    [
      -2.3580204002834426,
      0.9461035039015278
    ],
    [
      -2.3580204002834426,
      0.9461035039015278
    ],
    [
      -2.3580204002834426,
      0.9461035039015278
    ],
    [
      -2.3580204002834426,
      0.9461035039015278
    ]
  ],
  "diagnostics": {
    "cache_size": 2610,
    "exact_evals": 2610,
    "surrogate_calls": 0,
    "iterations": 23,
    "time_s": 0.18960952758789062,
    "diversity_history": [
      1.2659427445520035,
      1.110849011309626,
      0.8079730381275378,
      0.5085517177824408,
      0.4723523243993727,
      0.5830241143528753,
      0.6710830579874347,
      0.6704625548828889,
      0.5902316801571346,
      0.5151679133451181,
      0.5024371996120383,
      0.4805209311150659,
      0.4974897379099178,
      0.5229681587532932,
      0.4643472985978474,
      0.37412038764944633,
      0.3147125095587424,
      0.2874675001376842,
      0.2662129441410586,
      0.2616657840273042,
      0.2783364886882689,
      0.26291775277600127,
      0.25707853657486496
    ],
    "surrogate_cv_history": [],
    "retrain_log": [],
    "elitist_count": 0,
    "gradient_refinements": 80
  }
}