{
  "optimizer": "COO",
  "function": "Rosenbrock_ShiftedRotated",
  "config": "optuna_Rosenbrock_ShiftedRotated_COO",
  "seed": 7,
  "status": "ok",
  "best_value": 0.0008320214435046333,
  "best_pos": [
    -2.262657,
    0.951903
  ],
  "time_sec": 0.2195,
  "conv_hist": [
    -0.4708021674238721,
    -0.16381392992999771,
    -0.050144643915017155,
    -0.050144643915017155,
    -0.002560922659671903,
    -0.002560922659671903,
    -0.002560922659671903,
    -0.002560922659671903,
    -0.002560922659671903,
    -0.0023014048032999274,
    -0.0023014048032999274,
    -0.0023014048032999274,
    -0.0008320214435046333,
    -0.0008320214435046333,
    -0.0008320214435046333,
    -0.0008320214435046333,
    -0.0008320214435046333,
    -0.0008320214435046333,
    -0.0008320214435046333,
    -0.0008320214435046333,
    -0.0008320214435046333,
    -0.0008320214435046333
  ],
  "error": null,
  "pos_hist": [
    [
      -1.3484856048951759,
      1.1939596769441216
    ],
    [
      -1.623338990577316,
      1.046901548834785
    ],
    [
      -1.8519289421004417,
      1.0051997524178728
    ],
    [
      -1.8519289421004417,
      1.0051997524178728
    ],
    [
      -2.1989181206334107,
      0.9578891624814464
    ],
    [
      -2.1989181206334107,
      0.9578891624814464
    ],
    [
      -2.1989181206334107,
      0.9578891624814464
    ],
    [
      -2.1989181206334107,
      0.9578891624814464
    ],
    [
      -2.1989181206334107,
      0.9578891624814464
    ],
    [
      -2.2119418495974523,
      0.9585857293801805
    ],
    [
      -2.2119418495974523,
      0.9585857293801805
    ],
    [
      -2.2119418495974523,
      0.9585857293801805
    ],
    [
      -2.262657388734936,
      0.9519034845286802
    ],
    [
      -2.262657388734936,
      0.9519034845286802
    ],
    [
      -2.262657388734936,
      0.9519034845286802
    ],
    [
      -2.262657388734936,
      0.9519034845286802
    ],
    [
      -2.262657388734936,
      0.9519034845286802
    ],
    [
      -2.262657388734936,
      0.9519034845286802
    ],
    [
      -2.262657388734936,
      0.9519034845286802
    ],
    [
      -2.262657388734936,
      0.9519034845286802
    ],
    [
      -2.262657388734936,
      0.9519034845286802
    ],
    [
      -2.262657388734936,
      0.9519034845286802
    ]
  ],
  "diagnostics": {
    "cache_size": 2500,
    "exact_evals": 2500,
    "surrogate_calls": 0,
    "iterations": 22,
    "time_s": 0.21926450729370117,
    "diversity_history": [
      1.2792022563405876,
      1.090597722332289,
      0.7567598410123418,
      0.44122207234382016,
      0.4243350146387277,
      0.5331152777532582,
      0.6140013739262618,
      0.5911808142346706,
      0.4952572995164658,
      0.3909093782279188,
      0.34139318716692324,
      0.34051048698282027,
      0.34998416276604816,
      0.35126177442071715,
      0.33952206015494196,
      0.32107582779001287,
      0.28007307236686907,
      0.2791824396881144,
      0.31912802713226196,
      0.3000541892305073,
      0.27267083653303265,
      0.26146543871491934
    ],
    "surrogate_cv_history": [],
    "retrain_log": [],
    "elitist_count": 0,
    "gradient_refinements": 84
  }
}