{
  "optimizer": "COO",
  "function": "Rosenbrock_ShiftedRotated",
  "config": "optuna_Rosenbrock_ShiftedRotated_COO",
  "seed": 4,
  "status": "ok",
  "best_value": 0.0009390174547077726,
  "best_pos": [
    -2.325669,
    0.949241
  ],
  "time_sec": 0.1945,
  "conv_hist": [
    -5.048678576236312,
    -0.5431143290062009,
    -0.08567786265771798,
    -0.08567786265771798,
    -0.05464640616991847,
    -0.05464640616991847,
    -0.05464640616991847,
    -0.04676530577003801,
    -0.014179640952432349,
    -0.014179640952432349,
    -0.0009390174547077726,
    -0.0009390174547077726,
    -0.0009390174547077726,
    -0.0009390174547077726,
    -0.0009390174547077726,
    -0.0009390174547077726,
    -0.0009390174547077726,
    -0.0009390174547077726,
    -0.0009390174547077726,
    -0.0009390174547077726
  ],
  "error": null,
  "pos_hist": [
    [
      -1.7088829640760028,
      1.1808106068128512
    ],
    [
      -2.33936830424509,
      0.9147816062183028
    ],
    [
      -1.9290203253678186,
      1.005338708099444
    ],
    [
      -1.9290203253678186,
      1.005338708099444
    ],
    [
      -2.1384912388689177,
      0.954417345783623
    ],
    [
      -2.1384912388689177,
      0.954417345783623
    ],
    [
      -2.1384912388689177,
      0.954417345783623
    ],
    [
      -2.5,
      0.9460313953936881
    ],
    [
      -2.297141094382026,
      0.9447814096489697
    ],
    [
      -2.297141094382026,
      0.9447814096489697
    ],
    [
      -2.3256691225881734,
      0.9492413140006987
    ],
    [
      -2.3256691225881734,
      0.9492413140006987
    ],
    [
      -2.3256691225881734,
      0.9492413140006987
    ],
    [
      -2.3256691225881734,
      0.9492413140006987
    ],
    [
      -2.3256691225881734,
      0.9492413140006987
    ],
    [
      -2.3256691225881734,
      0.9492413140006987
    ],
    [
      -2.3256691225881734,
      0.9492413140006987
    ],
    [
      -2.3256691225881734,
      0.9492413140006987
    ],
    [
      -2.3256691225881734,
      0.9492413140006987
    ],
    [
      -2.3256691225881734,
      0.9492413140006987
    ]
  ],
  "diagnostics": {
    "cache_size": 2280,
    "exact_evals": 2280,
    "surrogate_calls": 0,
    "iterations": 20,
    "time_s": 0.1942899227142334,
    "diversity_history": [
      1.2805695436281483,
      1.1060328768545076,
      0.7926394744201485,
      0.4990442119376964,
      0.4857499686747563,
      0.5876483192456101,
      0.6508101109002289,
      0.6851300149920921,
      0.6158144390135127,
      0.4948504332034289,
      0.4320765077539048,
      0.40511536484915806,
      0.4208099069850046,
      0.4179591743740074,
      0.3560764458990828,
      0.3271706620867557,
      0.28777873871484283,
      0.2754858817934277,
      0.2890911754465127,
      0.3180102941546177
    ],
    "surrogate_cv_history": [],
    "retrain_log": [],
    "elitist_count": 0,
    "gradient_refinements": 82
  }
}