{
  "optimizer": "COO",
  "function": "Rosenbrock_ShiftedRotated",
  "config": "optuna_Rosenbrock_ShiftedRotated_COO",
  "seed": 6,
  "status": "ok",
  "best_value": 0.0022040745958548636,
  "best_pos": [
    -2.20355,
    0.957688
  ],
  "time_sec": 0.1478,
  "conv_hist": [
    -1.9356337093652953,
    -0.25383575662180813,
    -0.21707847658568094,
    -0.21707847658568094,
    -0.05845122367050407,
    -0.05845122367050407,
    -0.0022040745958548636,
    -0.0022040745958548636,
    -0.0022040745958548636,
    -0.0022040745958548636,
    -0.0022040745958548636,
    -0.0022040745958548636,
    -0.0022040745958548636,
    -0.0022040745958548636,
    -0.0022040745958548636,
    -0.0022040745958548636
  ],
  "error": null,
  "pos_hist": [
    [
      -1.2709257434662358,
      1.0950887514240044
    ],
    [
      -1.4245330535972534,
      1.1190765472897228
    ],
    [
      -1.480600929162911,
      1.0969251950975352
    ],
    [
      -1.480600929162911,
      1.0969251950975352
    ],
    [
      -1.9559817835403965,
      0.9980097162489461
    ],
    [
      -1.9559817835403965,
      0.9980097162489461
    ],
    [
      -2.2035504461939137,
      0.9576877522349552
    ],
    [
      -2.2035504461939137,
      0.9576877522349552
    ],
    [
      -2.2035504461939137,
      0.9576877522349552
    ],
    [
      -2.2035504461939137,
      0.9576877522349552
    ],
    [
      -2.2035504461939137,
      0.9576877522349552
    ],
    [
      -2.2035504461939137,
      0.9576877522349552
    ],
    [
      -2.2035504461939137,
      0.9576877522349552
    ],
    [
      -2.2035504461939137,
      0.9576877522349552
    ],
    [
      -2.2035504461939137,
      0.9576877522349552
    ],
    [
      -2.2035504461939137,
      0.9576877522349552
    ]
  ],
  "diagnostics": {
    "cache_size": 1840,
    "exact_evals": 1840,
    "surrogate_calls": 0,
    "iterations": 16,
    "time_s": 0.14762544631958008,
    "diversity_history": [
      1.2885197458491742,
      1.0292238719524458,
      0.7055417611316003,
      0.42171535392738574,
      0.44108237232423453,
      0.5578944523546243,
      0.5937688680493209,
      0.5450967642149778,
      0.47951451341943363,
      0.4085196568221695,
      0.37865060587973065,
      0.37351461705511335,
      0.3808955564026706,
      0.35371848248835924,
      0.3325804268448921,
      0.29397689719104236
    ],
    "surrogate_cv_history": [],
    "retrain_log": [],
    "elitist_count": 0,
    "gradient_refinements": 69
  }
}