{
  "optimizer": "COO",
  "function": "Sphere",
  "config": "optuna_Sphere_COO",
  "seed": 3,
  "status": "ok",
  "best_value": 0.000208759299947327,
  "best_pos": [
    0.013981,
    -0.003647
  ],
  "time_sec": 0.0556,
  "conv_hist": [
    -0.9703234185173022,
    -0.9703234185173022,
    -0.19196832959473753,
    -0.03379874853622268,
    -0.012354678923346338,
    -0.012354678923346338,
    -0.012354678923346338,
    -0.012354678923346338,
    -0.009629034734156702,
    -0.000208759299947327,
    -0.000208759299947327,
    -0.000208759299947327,
    -0.000208759299947327,
    -0.000208759299947327,
    -0.000208759299947327,
    -0.000208759299947327,
    -0.000208759299947327,
    -0.000208759299947327,
    -0.000208759299947327
  ],
  "error": null,
  "pos_hist": [
    [
      -0.934800836237514,
      -0.3105975130083092
    ],
    [
      -0.934800836237514,
      -0.3105975130083092
    ],
    [
      0.349331674530709,
      0.26445360796235756
    ],
    [
      0.13693650684041556,
      -0.1226667910665617
    ],
    [
      -0.08382249447579425,
      -0.07299635842425141
    ],
    [
      -0.08382249447579425,
      -0.07299635842425141
    ],
    [
      -0.08382249447579425,
      -0.07299635842425141
    ],
    [
      -0.08382249447579425,
      -0.07299635842425141
    ],
    [
      0.0973710613489318,
      -0.012161872632915694
    ],
    [
      0.013980556553600698,
      -0.0036473741786248884
    ],
    [
      0.013980556553600698,
      -0.0036473741786248884
    ],
    [
      0.013980556553600698,
      -0.0036473741786248884
    ],
    [
      0.013980556553600698,
      -0.0036473741786248884
    ],
    [
      0.013980556553600698,
      -0.0036473741786248884
    ],
    [
      0.013980556553600698,
      -0.0036473741786248884
    ],
    [
      0.013980556553600698,
      -0.0036473741786248884
    ],
    [
      0.013980556553600698,
      -0.0036473741786248884
    ],
    [
      0.013980556553600698,
      -0.0036473741786248884
    ],
    [
      0.013980556553600698,
      -0.0036473741786248884
    ]
  ],
  "diagnostics": {
    "cache_size": 970,
    "exact_evals": 970,
    "surrogate_calls": 0,
    "iterations": 19,
    "time_s": 0.055347442626953125,
    "diversity_history": [
      2.4791603282545474,
      1.991903123645896,
      1.2978829639670986,
      0.6649359582111249,
      0.6894637751963704,
      1.0299572361485119,
      1.1732982307754956,
      1.134384090254866,
      0.883783006200471,
      0.5512931035476969,
      0.4608517909251112,
      0.5775396546548401,
      0.6821301524446715,
      0.6530991151299553,
      0.49793400780070607,
      0.341487387379355,
      0.3193637406295463,
      0.3752389883660529,
      0.4287233093682928
    ],
    "surrogate_cv_history": [],
    "retrain_log": [],
    "elitist_count": 0,
    "gradient_refinements": 42
  }
}