{
  "optimizer": "COO",
  "function": "Ackley",
  "config": "optuna_Ackley_COO",
  "seed": 2,
  "status": "ok",
  "best_value": 0.003297103913852073,
  "best_pos": [
    0.000455,
    0.00106
  ],
  "time_sec": 0.4304,
  "conv_hist": [
    -2.78851592959218,
    -2.371927072033625,
    -1.793833780999368,
    -0.4108130056484609,
    -0.4108130056484609,
    -0.05340614194014792,
    -0.05340614194014792,
    -0.05340614194014792,
    -0.04338400316027746,
    -0.003297103913852073,
    -0.003297103913852073,
    -0.003297103913852073,
    -0.003297103913852073,
    -0.003297103913852073,
    -0.003297103913852073,
    -0.003297103913852073,
    -0.003297103913852073,
    -0.003297103913852073,
    -0.003297103913852073
  ],
  "error": null,
  "pos_hist": [
    [
      -0.029262012654873715,
      -0.8509416262531282
    ],
    [
      0.2719527011158958,
      -0.16025992832471164
    ],
    [
      -0.25338306703976665,
      -0.011537822291991757
    ],
    [
      -0.0490800422749997,
      -0.06709188145421453
    ],
    [
      -0.0490800422749997,
      -0.06709188145421453
    ],
    [
      -0.015820096953137238,
      0.004190439917556678
    ],
    [
      -0.015820096953137238,
      0.004190439917556678
    ],
    [
      -0.015820096953137238,
      0.004190439917556678
    ],
    [
      0.003037621744814506,
      -0.01325626565563464
    ],
    [
      0.0004552813891160693,
      0.0010595041506293555
    ],
    [
      0.0004552813891160693,
      0.0010595041506293555
    ],
    [
      0.0004552813891160693,
      0.0010595041506293555
    ],
    [
      0.0004552813891160693,
      0.0010595041506293555
    ],
    [
      0.0004552813891160693,
      0.0010595041506293555
    ],
    [
      0.0004552813891160693,
      0.0010595041506293555
    ],
    [
      0.0004552813891160693,
      0.0010595041506293555
    ],
    [
      0.0004552813891160693,
      0.0010595041506293555
    ],
    [
      0.0004552813891160693,
      0.0010595041506293555
    ],
    [
      0.0004552813891160693,
      0.0010595041506293555
    ]
  ],
  "diagnostics": {
    "cache_size": 1825,
    "exact_evals": 1825,
    "surrogate_calls": 0,
    "iterations": 19,
    "time_s": 0.3347506523132324,
    "diversity_history": [
      2.6096870737457287,
      2.1132146112785906,
      1.2942062337740863,
      0.5196633394712925,
      0.680588952707412,
      1.1689334699058738,
      1.3047800585618483,
      1.132404702243853,
      0.7593685721200436,
      0.4084835185844077,
      0.4349201993681245,
      0.5720998299866165,
      0.6189501554429255,
      0.5270322889549278,
      0.37599223445232494,
      0.31960929243555286,
      0.36179207866762675,
      0.3891760241471568,
      0.33683402614019814
    ],
    "surrogate_cv_history": [],
    "retrain_log": [],
    "elitist_count": 0,
    "gradient_refinements": 92
  }
}