{
  "optimizer": "COO",
  "function": "Rosenbrock",
  "config": "optuna_Rosenbrock_COO",
  "seed": 3,
  "status": "ok",
  "best_value": 0.004879648726657086,
  "best_pos": [
    0.973846,
    0.941899
  ],
  "time_sec": 0.1244,
  "conv_hist": [
    -0.13924834488467885,
    -0.0804255105475757,
    -0.053159142089533026,
    -0.015397569093853201,
    -0.004879648726657086,
    -0.004879648726657086,
    -0.004879648726657086,
    -0.004879648726657086,
    -0.004879648726657086,
    -0.004879648726657086,
    -0.004879648726657086,
    -0.004879648726657086,
    -0.004879648726657086,
    -0.004879648726657086
  ],
  "error": null,
  "pos_hist": [
    [
      0.6683278189378736,
      0.46376233941043754
    ],
    [
      1.1400929999817784,
      1.2751545017092538
    ],
    [
      1.2293883195404858,
      1.513719733482165
    ],
    [
      0.9146309209733692,
      0.8275443401872395
    ],
    [
      0.9738461236452153,
      0.9418989092802972
    ],
    [
      0.9738461236452153,
      0.9418989092802972
    ],
    [
      0.9738461236452153,
      0.9418989092802972
    ],
    [
      0.9738461236452153,
      0.9418989092802972
    ],
    [
      0.9738461236452153,
      0.9418989092802972
    ],
    [
      0.9738461236452153,
      0.9418989092802972
    ],
    [
      0.9738461236452153,
      0.9418989092802972
    ],
    [
      0.9738461236452153,
      0.9418989092802972
    ],
    [
      0.9738461236452153,
      0.9418989092802972
    ],
    [
      0.9738461236452153,
      0.9418989092802972
    ]
  ],
  "diagnostics": {
    "cache_size": 1930,
    "exact_evals": 1930,
    "surrogate_calls": 0,
    "iterations": 14,
    "time_s": 0.12418341636657715,
    "diversity_history": [
      1.2637641438874048,
      1.0661742419693663,
      0.7551581673707511,
      0.48896604291171686,
      0.5375200162545124,
      0.6937017996462606,
      0.8022296617256691,
      0.7948977052690774,
      0.6666216549780399,
      0.5336896059020417,
      0.48760203230084354,
      0.4709599172513578,
      0.4804573960954506,
      0.4572882247130781
    ],
    "surrogate_cv_history": [],
    "retrain_log": [],
    "elitist_count": 0,
    "gradient_refinements": 60
  }
}