{
  "optimizer": "COO",
  "function": "Rosenbrock",
  "config": "optuna_Rosenbrock_COO",
  "seed": 1,
  "status": "ok",
  "best_value": 0.002119740717464543,
  "best_pos": [
    0.954119,
    0.910726
  ],
  "time_sec": 0.4386,
  "conv_hist": [
    -5.707475161405915,
    -1.3747658335004662,
    -0.13146416714076697,
    -0.07085386501056855,
    -0.002119740717464543,
    -0.002119740717464543,
    -0.002119740717464543,
    -0.002119740717464543,
    -0.002119740717464543,
    -0.002119740717464543,
    -0.002119740717464543,
    -0.002119740717464543,
    -0.002119740717464543,
    -0.002119740717464543
  ],
  "error": null,
  "pos_hist": [
    [
      -1.3714533069607264,
      1.8519559215307067
    ],
    [
      0.08054344764061487,
      0.07924475391236724
    ],
    [
      0.6375149787720886,
      0.4055960320178051
    ],
    [
      1.0461302866006972,
      1.1206041943442369
    ],
    [
      0.9541188120811467,
      0.9107255562659663
    ],
    [
      0.9541188120811467,
      0.9107255562659663
    ],
    [
      0.9541188120811467,
      0.9107255562659663
    ],
    [
      0.9541188120811467,
      0.9107255562659663
    ],
    [
      0.9541188120811467,
      0.9107255562659663
    ],
    [
      0.9541188120811467,
      0.9107255562659663
    ],
    [
      0.9541188120811467,
      0.9107255562659663
    ],
    [
      0.9541188120811467,
      0.9107255562659663
    ],
    [
      0.9541188120811467,
      0.9107255562659663
    ],
    [
      0.9541188120811467,
      0.9107255562659663
    ]
  ],
  "diagnostics": {
    "cache_size": 1930,
    "exact_evals": 1930,
    "surrogate_calls": 0,
    "iterations": 14,
    "time_s": 0.4384160041809082,
    "diversity_history": [
      1.357654444673148,
      1.1812765031701824,
      0.8708366152790912,
      0.6222445467604044,
      0.6004554182607404,
      0.7409977871921952,
      0.8284906590533909,
      0.7865074196438159,
      0.6666107103193692,
      0.556802439829448,
      0.4749761708804933,
      0.49416004309747563,
      0.5276174714857245,
      0.5171342523881732
    ],
    "surrogate_cv_history": [],
    "retrain_log": [],
    "elitist_count": 0,
    "gradient_refinements": 70
  }
}