{
  "optimizer": "COO",
  "function": "Griewank_ShiftedRotated",
  "config": "optuna_Griewank_ShiftedRotated_COO",
  "seed": 0,
  "status": "ok",
  "best_value": 0.19209996335742685,
  "best_pos": [
    216.529331,
    -296.209853
  ],
  "time_sec": 0.1942,
  "conv_hist": [
    -0.7952433747835882,
    -0.7952433747835882,
    -0.29742517852833184,
    -0.29742517852833184,
    -0.19295704619900467,
    -0.19209996335742685,
    -0.19209996335742685,
    -0.19209996335742685,
    -0.19209996335742685,
    -0.19209996335742685,
    -0.19209996335742685,
    -0.19209996335742685,
    -0.19209996335742685,
    -0.19209996335742685,
    -0.19209996335742685
  ],
  "error": null,
  "pos_hist": [
    [
      213.37984415547612,
      -275.9904321694022
    ],
    [
      213.37984415547612,
      -275.9904321694022
    ],
    [
      222.99035368887448,
      -278.48953574479356
    ],
    [
      222.99035368887448,
      -278.48953574479356
    ],
    [
      221.58528592358687,
      -294.86150157168686
    ],
    [
      216.52933091991196,
      -296.2098532292607
    ],
    [
      216.52933091991196,
      -296.2098532292607
    ],
    [
      216.52933091991196,
      -296.2098532292607
    ],
    [
      216.52933091991196,
      -296.2098532292607
    ],
    [
      216.52933091991196,
      -296.2098532292607
    ],
    [
      216.52933091991196,
      -296.2098532292607
    ],
    [
      216.52933091991196,
      -296.2098532292607
    ],
    [
      216.52933091991196,
      -296.2098532292607
    ],
    [
      216.52933091991196,
      -296.2098532292607
    ],
    [
      216.52933091991196,
      -296.2098532292607
    ]
  ],
  "diagnostics": {
    "cache_size": 1260,
    "exact_evals": 1260,
    "surrogate_calls": 0,
    "iterations": 15,
    "time_s": 0.1939258575439453,
    "diversity_history": [
      340.8335711586441,
      280.7779784918474,
      184.2496532083426,
      93.04908240808567,
      100.90481189527677,
      150.10345309552673,
      163.56830906841438,
      147.30969523636128,
      105.79019021482368,
      65.24369220161076,
      63.74380312663645,
      82.25121228602632,
      85.6297439406402,
      70.2096877956192,
      44.74679977061791
    ],
    "surrogate_cv_history": [],
    "retrain_log": [],
    "elitist_count": 0,
    "gradient_refinements": 60
  }
}