{
  "optimizer": "COO",
  "function": "Griewank_ShiftedRotated",
  "config": "optuna_Griewank_ShiftedRotated_COO",
  "seed": 2,
  "status": "ok",
  "best_value": 0.11788344556182695,
  "best_pos": [
    206.904092,
    -282.718084
  ],
  "time_sec": 0.2549,
  "conv_hist": [
    -4.044540825400135,
    -3.384613680502812,
    -2.1150033424853136,
    -0.24505042780406383,
    -0.1584434582171117,
    -0.1584434582171117,
    -0.1584434582171117,
    -0.1584434582171117,
    -0.1584434582171117,
    -0.1584434582171117,
    -0.11788344556182695,
    -0.11788344556182695,
    -0.11788344556182695,
    -0.11788344556182695,
    -0.11788344556182695,
    -0.11788344556182695,
    -0.11788344556182695,
    -0.11788344556182695,
    -0.11788344556182695,
    -0.11788344556182695
  ],
  "error": null,
  "pos_hist": [
    [
      148.2758214745569,
      -387.94540609868875
    ],
    [
      116.27856050470518,
      -225.41150642680856
    ],
    [
      213.24630969731103,
      -368.6268917644808
    ],
    [
      191.20714069795866,
      -295.9739472829861
    ],
    [
      216.40463550302255,
      -307.08615733419214
    ],
    [
      216.40463550302255,
      -307.08615733419214
    ],
    [
      216.40463550302255,
      -307.08615733419214
    ],
    [
      216.40463550302255,
      -307.08615733419214
    ],
    [
      216.40463550302255,
      -307.08615733419214
    ],
    [
      216.40463550302255,
      -307.08615733419214
    ],
    [
      206.90409199943343,
      -282.7180841113445
    ],
    [
      206.90409199943343,
      -282.7180841113445
    ],
    [
      206.90409199943343,
      -282.7180841113445
    ],
    [
      206.90409199943343,
      -282.7180841113445
    ],
    [
      206.90409199943343,
      -282.7180841113445
    ],
    [
      206.90409199943343,
      -282.7180841113445
    ],
    [
      206.90409199943343,
      -282.7180841113445
    ],
    [
      206.90409199943343,
      -282.7180841113445
    ],
    [
      206.90409199943343,
      -282.7180841113445
    ],
    [
      206.90409199943343,
      -282.7180841113445
    ]
  ],
  "diagnostics": {
    "cache_size": 1660,
    "exact_evals": 1660,
    "surrogate_calls": 0,
    "iterations": 20,
    "time_s": 0.25432729721069336,
    "diversity_history": [
      312.7898431012355,
      253.04783928542338,
      152.6919487951024,
      56.13763151693814,
      85.04707329380994,
      137.46719979566936,
      149.8339108991246,
      131.39698157719522,
      88.37698373506325,
      47.402536098186545,
      54.993680815388025,
      77.30105108924795,
      80.35834676472899,
      63.59160983650719,
      38.365368843266296,
      23.993078647290027,
      33.18111381837518,
      41.4709438635261,
      39.09668558289587,
      29.3062991034192
    ],
    "surrogate_cv_history": [],
    "retrain_log": [],
    "elitist_count": 0,
    "gradient_refinements": 80
  }
}