{
  "optimizer": "COO",
  "function": "Griewank_ShiftedRotated",
  "config": "optuna_Griewank_ShiftedRotated_COO",
  "seed": 6,
  "status": "ok",
  "best_value": 0.04443745637493901,
  "best_pos": [
    200.785131,
    -310.337187
  ],
  "time_sec": 0.3987,
  "conv_hist": [
    -5.793604512502949,
    -4.225454549453124,
    -3.0652344777825897,
    -0.43174372145658224,
    -0.04443745637493901,
    -0.04443745637493901,
    -0.04443745637493901,
    -0.04443745637493901,
    -0.04443745637493901,
    -0.04443745637493901,
    -0.04443745637493901,
    -0.04443745637493901,
    -0.04443745637493901,
    -0.04443745637493901
  ],
  "error": null,
  "pos_hist": [
    [
      317.70118020056054,
      -259.3687397307632
    ],
    [
      316.5036254243926,
      -261.46114217267666
    ],
    [
      282.3264552354771,
      -370.3430451940379
    ],
    [
      199.67967073693276,
      -300.91226390190343
    ],
    [
      200.7851305953512,
      -310.3371867475784
    ],
    [
      200.7851305953512,
      -310.3371867475784
    ],
    [
      200.7851305953512,
      -310.3371867475784
    ],
    [
      200.7851305953512,
      -310.3371867475784
    ],
    [
      200.7851305953512,
      -310.3371867475784
    ],
    [
      200.7851305953512,
      -310.3371867475784
    ],
    [
      200.7851305953512,
      -310.3371867475784
    ],
    [
      200.7851305953512,
      -310.3371867475784
    ],
    [
      200.7851305953512,
      -310.3371867475784
    ],
    [
      200.7851305953512,
      -310.3371867475784
    ]
  ],
  "diagnostics": {
    "cache_size": 1179,
    "exact_evals": 1179,
    "surrogate_calls": 0,
    "iterations": 14,
    "time_s": 0.39841580390930176,
    "diversity_history": [
      329.9455720689495,
      267.3755066488331,
      165.76282633404963,
      61.03733714165539,
      78.08146930518451,
      140.1262732441907,
      158.12637480786935,
      141.50786194234547,
      94.66110589475903,
      37.9789187536978,
      36.73656021570448,
      69.45618197575364,
      80.15120836924764,
      68.48067894385915
    ],
    "surrogate_cv_history": [],
    "retrain_log": [],
    "elitist_count": 0,
    "gradient_refinements": 56
  }
}