{
  "optimizer": "COO",
  "function": "Sphere_Shifted",
  "config": "optuna_Sphere_Shifted_COO",
  "seed": 7,
  "status": "ok",
  "best_value": 3.8476514234460734e-05,
  "best_pos": [
    1.502888,
    -2.00549
  ],
  "time_sec": 0.1151,
  "conv_hist": [
    -0.5004026927018445,
    -0.13512297514293894,
    -0.08966086904305681,
    -0.08966086904305681,
    -3.8476514234460734e-05,
    -3.8476514234460734e-05,
    -3.8476514234460734e-05,
    -3.8476514234460734e-05,
    -3.8476514234460734e-05,
    -3.8476514234460734e-05,
    -3.8476514234460734e-05,
    -3.8476514234460734e-05,
    -3.8476514234460734e-05,
    -3.8476514234460734e-05
  ],
  "error": null,
  "pos_hist": [
    [
      1.5739946277975827,
      -1.296489170119648
    ],
    [
      1.1853065882823968,
      -2.1899763979142515
    ],
    [
      1.3575048226695103,
      -1.7366447390299387
    ],
    [
      1.3575048226695103,
      -1.7366447390299387
    ],
    [
      1.5028876888460954,
      -2.0054897875516815
    ],
    [
      1.5028876888460954,
      -2.0054897875516815
    ],
    [
      1.5028876888460954,
      -2.0054897875516815
    ],
    [
      1.5028876888460954,
      -2.0054897875516815
    ],
    [
      1.5028876888460954,
      -2.0054897875516815
    ],
    [
      1.5028876888460954,
      -2.0054897875516815
    ],
    [
      1.5028876888460954,
      -2.0054897875516815
    ],
    [
      1.5028876888460954,
      -2.0054897875516815
    ],
    [
      1.5028876888460954,
      -2.0054897875516815
    ],
    [
      1.5028876888460954,
      -2.0054897875516815
    ]
  ],
  "diagnostics": {
    "cache_size": 810,
    "exact_evals": 810,
    "surrogate_calls": 0,
    "iterations": 14,
    "time_s": 0.11489367485046387,
    "diversity_history": [
      2.6331341840540583,
      2.1208073979797097,
      1.355786809125414,
      0.5949161416605788,
      0.8096592050009842,
      1.1941069273473222,
      1.305116422749296,
      1.1488828882969693,
      0.8146026115507641,
      0.5059678753588053,
      0.5342119835603012,
      0.6637633963841272,
      0.6860151038286904,
      0.5746489879923617
    ],
    "surrogate_cv_history": [],
    "retrain_log": [],
    "elitist_count": 0,
    "gradient_refinements": 42
  }
}