{
  "optimizer": "COO",
  "function": "Rosenbrock",
  "config": "optuna_Rosenbrock_COO",
  "seed": 0,
  "status": "ok",
  "best_value": 0.0016242022765037183,
  "best_pos": [
    0.992336,
    0.988688
  ],
  "time_sec": 0.114,
  "conv_hist": [
    -0.6882821942212585,
    -0.01143759799245,
    -0.01143759799245,
    -0.0016242022765037183,
    -0.0016242022765037183,
    -0.0016242022765037183,
    -0.0016242022765037183,
    -0.0016242022765037183,
    -0.0016242022765037183,
    -0.0016242022765037183,
    -0.0016242022765037183,
    -0.0016242022765037183,
    -0.0016242022765037183
  ],
  "error": null,
  "pos_hist": [
    [
      0.33300727103287553,
      0.061557963757781664
    ],
    [
      0.8958517011644825,
      0.8001197770270992
    ],
    [
      0.8958517011644825,
      0.8001197770270992
    ],
    [
      0.9923361140188828,
      0.9886875616344769
    ],
    [
      0.9923361140188828,
      0.9886875616344769
    ],
    [
      0.9923361140188828,
      0.9886875616344769
    ],
    [
      0.9923361140188828,
      0.9886875616344769
    ],
    [
      0.9923361140188828,
      0.9886875616344769
    ],
    [
      0.9923361140188828,
      0.9886875616344769
    ],
    [
      0.9923361140188828,
      0.9886875616344769
    ],
    [
      0.9923361140188828,
      0.9886875616344769
    ],
    [
      0.9923361140188828,
      0.9886875616344769
    ],
    [
      0.9923361140188828,
      0.9886875616344769
    ]
  ],
  "diagnostics": {
    "cache_size": 1799,
    "exact_evals": 1799,
    "surrogate_calls": 0,
    "iterations": 13,
    "time_s": 0.11377692222595215,
    "diversity_history": [
      1.2708581788113547,
      1.1256358214356035,
      0.9048744386403264,
      0.7924530291005056,
      0.8635524754545276,
      0.9733810880443214,
      1.000456776364496,
      0.9244731947839109,
      0.7778829352214569,
      0.6222811099606332,
      0.5577862365233545,
      0.5553992789866349,
      0.5680126584026313
    ],
    "surrogate_cv_history": [],
    "retrain_log": [],
    "elitist_count": 0,
    "gradient_refinements": 70
  }
}