{
  "optimizer": "COO",
  "function": "Rosenbrock",
  "config": "optuna_Rosenbrock_COO",
  "seed": 4,
  "status": "ok",
  "best_value": 0.0008749959773518268,
  "best_pos": [
    0.981763,
    0.96153
  ],
  "time_sec": 0.1842,
  "conv_hist": [
    -0.015746423701715088,
    -0.015746423701715088,
    -0.008528600800231252,
    -0.008528600800231252,
    -0.008528600800231252,
    -0.0008749959773518268,
    -0.0008749959773518268,
    -0.0008749959773518268,
    -0.0008749959773518268,
    -0.0008749959773518268,
    -0.0008749959773518268,
    -0.0008749959773518268,
    -0.0008749959773518268,
    -0.0008749959773518268,
    -0.0008749959773518268
  ],
  "error": null,
  "pos_hist": [
    [
      1.1022606071230818,
      1.2077057629254986
    ],
    [
      1.1022606071230818,
      1.2077057629254986
    ],
    [
      1.0054933696976214,
      1.0202356060491893
    ],
    [
      1.0054933696976214,
      1.0202356060491893
    ],
    [
      1.0054933696976214,
      1.0202356060491893
    ],
    [
      0.9817634477676672,
      0.9615304672867205
    ],
    [
      0.9817634477676672,
      0.9615304672867205
    ],
    [
      0.9817634477676672,
      0.9615304672867205
    ],
    [
      0.9817634477676672,
      0.9615304672867205
    ],
    [
      0.9817634477676672,
      0.9615304672867205
    ],
    [
      0.9817634477676672,
      0.9615304672867205
    ],
    [
      0.9817634477676672,
      0.9615304672867205
    ],
    [
      0.9817634477676672,
      0.9615304672867205
    ],
    [
      0.9817634477676672,
      0.9615304672867205
    ],
    [
      0.9817634477676672,
      0.9615304672867205
    ]
  ],
  "diagnostics": {
    "cache_size": 2061,
    "exact_evals": 2061,
    "surrogate_calls": 0,
    "iterations": 15,
    "time_s": 0.18401765823364258,
    "diversity_history": [
      1.3013683666696383,
      1.1515194695422721,
      0.8658917002156956,
      0.6413251336488439,
      0.6533504463002366,
      0.8031288173239667,
      0.8402273227120374,
      0.7541784621431917,
      0.6324991782585864,
      0.5339837554993032,
      0.4679541052574022,
      0.5098127123830984,
      0.5472737107974931,
      0.5269400420348027,
      0.4536425891997249
    ],
    "surrogate_cv_history": [],
    "retrain_log": [],
    "elitist_count": 0,
    "gradient_refinements": 75
  }
}