{
  "optimizer": "COO",
  "function": "Rosenbrock",
  "config": "optuna_Rosenbrock_COO",
  "seed": 7,
  "status": "ok",
  "best_value": 0.0004511114760828545,
  "best_pos": [
    0.97913,
    0.95909
  ],
  "time_sec": 0.3169,
  "conv_hist": [
    -0.4821416535545114,
    -0.32925628102367666,
    -0.010001199229085853,
    -0.010001199229085853,
    -0.010001199229085853,
    -0.010001199229085853,
    -0.010001199229085853,
    -0.010001199229085853,
    -0.010001199229085853,
    -0.010001199229085853,
    -0.010001199229085853,
    -0.007422376426010614,
    -0.0004511114760828545,
    -0.0004511114760828545,
    -0.0004511114760828545,
    -0.0004511114760828545,
    -0.0004511114760828545,
    -0.0004511114760828545,
    -0.0004511114760828545,
    -0.0004511114760828545,
    -0.0004511114760828545,
    -0.0004511114760828545
  ],
  "error": null,
  "pos_hist": [
    [
      0.36312666321977005,
      0.1041961933227804
    ],
    [
      1.5612471585925978,
      2.4494333384351488
    ],
    [
      0.9515886947631512,
      0.8967703041726859
    ],
    [
      0.9515886947631512,
      0.8967703041726859
    ],
    [
      0.9515886947631512,
      0.8967703041726859
    ],
    [
      0.9515886947631512,
      0.8967703041726859
    ],
    [
      0.9515886947631512,
      0.8967703041726859
    ],
    [
      0.9515886947631512,
      0.8967703041726859
    ],
    [
      0.9515886947631512,
      0.8967703041726859
    ],
    [
      0.9515886947631512,
      0.8967703041726859
    ],
    [
      0.9515886947631512,
      0.8967703041726859
    ],
    [
      1.0345980204883969,
      1.062502973121786
    ],
    [
      0.979130095896628,
      0.959090188334156
    ],
    [
      0.979130095896628,
      0.959090188334156
    ],
    [
      0.979130095896628,
      0.959090188334156
    ],
    [
      0.979130095896628,
      0.959090188334156
    ],
    [
      0.979130095896628,
      0.959090188334156
    ],
    [
      0.979130095896628,
      0.959090188334156
    ],
    [
      0.979130095896628,
      0.959090188334156
    ],
    [
      0.979130095896628,
      0.959090188334156
    ],
    [
      0.979130095896628,
      0.959090188334156
    ],
    [
      0.979130095896628,
      0.959090188334156
    ]
  ],
  "diagnostics": {
    "cache_size": 2978,
    "exact_evals": 2978,
    "surrogate_calls": 0,
    "iterations": 22,
    "time_s": 0.3167073726654053,
    "diversity_history": [
      1.2950973963516872,
      1.1125073725395818,
      0.8541232491027274,
      0.604824231206818,
      0.6379562719490641,
      0.7762792278132625,
      0.7942542804919888,
      0.740788095922742,
      0.6044762539167194,
      0.44471105281219603,
      0.4179042734666718,
      0.4593482384690942,
      0.514646146196371,
      0.4920732425069114,
      0.4506042134693526,
      0.4065736993132553,
      0.35452774100013773,
      0.37131892180340426,
      0.36695957686633807,
      0.37249204950873527,
      0.3351072139229914,
      0.3115642514826482
    ],
    "surrogate_cv_history": [],
    "retrain_log": [],
    "elitist_count": 0,
    "gradient_refinements": 95
  }
}