{
  "optimizer": "COO",
  "function": "Rosenbrock",
  "config": "optuna_Rosenbrock_COO",
  "seed": 2,
  "status": "ok",
  "best_value": 0.0030106442330951133,
  "best_pos": [
    1.000222,
    1.00593
  ],
  "time_sec": 0.3109,
  "conv_hist": [
    -0.581848024284532,
    -0.17833725646624587,
    -0.05686236213339711,
    -0.040578482528706716,
    -0.007523445780166502,
    -0.007523445780166502,
    -0.0030106442330951133,
    -0.0030106442330951133,
    -0.0030106442330951133,
    -0.0030106442330951133,
    -0.0030106442330951133,
    -0.0030106442330951133,
    -0.0030106442330951133,
    -0.0030106442330951133,
    -0.0030106442330951133,
    -0.0030106442330951133
  ],
  "error": null,
  "pos_hist": [
    [
      1.7255655778735077,
      2.9540388031366573
    ],
    [
      0.6009768280986244,
      0.3749998484405364
    ],
    [
      0.9449811046215241,
      0.8697868564767472
    ],
    [
      0.974403140799204,
      0.9294806691722544
    ],
    [
      0.9409102178933129,
      0.8789623582773788
    ],
    [
      0.9409102178933129,
      0.8789623582773788
    ],
    [
      1.0002216017066177,
      1.0059301415533086
    ],
    [
      1.0002216017066177,
      1.0059301415533086
    ],
    [
      1.0002216017066177,
      1.0059301415533086
    ],
    [
      1.0002216017066177,
      1.0059301415533086
    ],
    [
      1.0002216017066177,
      1.0059301415533086
    ],
    [
      1.0002216017066177,
      1.0059301415533086
    ],
    [
      1.0002216017066177,
      1.0059301415533086
    ],
    [
      1.0002216017066177,
      1.0059301415533086
    ],
    [
      1.0002216017066177,
      1.0059301415533086
    ],
    [
      1.0002216017066177,
      1.0059301415533086
    ]
  ],
  "diagnostics": {
    "cache_size": 2189,
    "exact_evals": 2189,
    "surrogate_calls": 0,
    "iterations": 16,
    "time_s": 0.3106575012207031,
    "diversity_history": [
      1.2245997133129976,
      1.0238903086363165,
      0.7305733577612549,
      0.5771243259687413,
      0.6749530060625809,
      0.8311271083389202,
      0.8590849366954842,
      0.7856927828850175,
      0.6727408615377166,
      0.5989070988865155,
      0.5987622580385505,
      0.6337341149768125,
      0.6211017167689552,
      0.6077376496459025,
      0.5813753082329463,
      0.5469662030367664
    ],
    "surrogate_cv_history": [],
    "retrain_log": [],
    "elitist_count": 0,
    "gradient_refinements": 75
  }
}