{
  "optimizer": "COO",
  "function": "Sphere_ShiftedRotated",
  "config": "optuna_Sphere_ShiftedRotated_COO",
  "seed": 8,
  "status": "ok",
  "best_value": 6.145645595512046e-05,
  "best_pos": [
    1.499033,
    -2.00778
  ],
  "time_sec": 0.5278,
  "conv_hist": [
    -0.03657204893251298,
    -0.03657204893251298,
    -0.03657204893251298,
    -0.016586153060195383,
    -6.145645595512046e-05,
    -6.145645595512046e-05,
    -6.145645595512046e-05,
    -6.145645595512046e-05,
    -6.145645595512046e-05,
    -6.145645595512046e-05,
    -6.145645595512046e-05,
    -6.145645595512046e-05,
    -6.145645595512046e-05,
    -6.145645595512046e-05
  ],
  "error": null,
  "pos_hist": [
    [
      1.3092924213815742,
      -1.985763835136881
    ],
    [
      1.3092924213815742,
      -1.985763835136881
    ],
    [
      1.3092924213815742,
      -1.985763835136881
    ],
    [
      1.6220889200435087,
      -1.9590067241757247
    ],
    [
      1.4990328696171746,
      -2.007779531783966
    ],
    [
      1.4990328696171746,
      -2.007779531783966
    ],
    [
      1.4990328696171746,
      -2.007779531783966
    ],
    [
      1.4990328696171746,
      -2.007779531783966
    ],
    [
      1.4990328696171746,
      -2.007779531783966
    ],
    [
      1.4990328696171746,
      -2.007779531783966
    ],
    [
      1.4990328696171746,
      -2.007779531783966
    ],
    [
      1.4990328696171746,
      -2.007779531783966
    ],
    [
      1.4990328696171746,
      -2.007779531783966
    ],
    [
      1.4990328696171746,
      -2.007779531783966
    ]
  ],
  "diagnostics": {
    "cache_size": 2675,
    "exact_evals": 2675,
    "surrogate_calls": 0,
    "iterations": 14,
    "time_s": 0.5275392532348633,
    "diversity_history": [
      2.8021466050322483,
      2.279364100428811,
      1.450348301953539,
      0.6108482365318648,
      0.6923828135714004,
      1.2186520480299046,
      1.4002219963413935,
      1.246817278740239,
      0.8856165545364665,
      0.5009706659695556,
      0.4398159950407474,
      0.6207231804460003,
      0.6961219808057484,
      0.5975771663180773
    ],
    "surrogate_cv_history": [],
    "retrain_log": [],
    "elitist_count": 0,
    "gradient_refinements": 137
  }
}