{
  "optimizer": "COO",
  "function": "Rastrigin_Shifted",
  "config": "optuna_Rastrigin_Shifted_COO",
  "seed": 1,
  "status": "ok",
  "best_value": 1.097032157265808,
  "best_pos": [
    2.508825,
    -4.01586
  ],
  "time_sec": 0.1265,
  "conv_hist": [
    -20.08244620081385,
    -4.9809523912689535,
    -1.4187763028096754,
    -1.4187763028096754,
    -1.4187763028096754,
    -1.097032157265808,
    -1.097032157265808,
    -1.097032157265808,
    -1.097032157265808,
    -1.097032157265808,
    -1.097032157265808,
    -1.097032157265808,
    -1.097032157265808,
    -1.097032157265808,
    -1.097032157265808
  ],
  "error": null,
  "pos_hist": [
    [
      4.184017951673298,
      -2.113391120653522
    ],
    [
      4.495347863156816,
      -2.0062887440228976
    ],
    [
      2.54318431178137,
      -1.9882240799085675
    ],
    [
      2.54318431178137,
      -1.9882240799085675
    ],
    [
      2.54318431178137,
      -1.9882240799085675
    ],
    [
      2.5088250149467677,
      -4.015860332267149
    ],
    [
      2.5088250149467677,
      -4.015860332267149
    ],
    [
      2.5088250149467677,
      -4.015860332267149
    ],
    [
      2.5088250149467677,
      -4.015860332267149
    ],
    [
      2.5088250149467677,
      -4.015860332267149
    ],
    [
      2.5088250149467677,
      -4.015860332267149
    ],
    [
      2.5088250149467677,
      -4.015860332267149
    ],
    [
      2.5088250149467677,
      -4.015860332267149
    ],
    [
      2.5088250149467677,
      -4.015860332267149
    ],
    [
      2.5088250149467677,
      -4.015860332267149
    ]
  ],
  "diagnostics": {
    "cache_size": 991,
    "exact_evals": 991,
    "surrogate_calls": 0,
    "iterations": 15,
    "time_s": 0.12627434730529785,
    "diversity_history": [
      2.954530713852329,
      2.5589087380958846,
      1.8668560034890767,
      1.3516903471119186,
      1.345007841713434,
      1.641936976331778,
      1.6259493916100292,
      1.4051833260399524,
      1.002241788640203,
      0.6138279994696156,
      0.5995933412850509,
      0.8083457912755494,
      0.8763666423041518,
      0.807565601013803,
      0.7266755489420997
    ],
    "surrogate_cv_history": [],
    "retrain_log": [],
    "elitist_count": 0,
    "gradient_refinements": 45
  }
}