{
  "optimizer": "COO",
  "function": "Rastrigin_Shifted",
  "config": "optuna_Rastrigin_Shifted_COO",
  "seed": 6,
  "status": "ok",
  "best_value": 0.30470864741424464,
  "best_pos": [
    2.496053,
    -2.960911
  ],
  "time_sec": 0.0643,
  "conv_hist": [
    -11.82082395444299,
    -2.2289647519962372,
    -2.2289647519962372,
    -2.2289647519962372,
    -0.30470864741424464,
    -0.30470864741424464,
    -0.30470864741424464,
    -0.30470864741424464,
    -0.30470864741424464,
    -0.30470864741424464,
    -0.30470864741424464,
    -0.30470864741424464,
    -0.30470864741424464,
    -0.30470864741424464
  ],
  "error": null,
  "pos_hist": [
    [
      4.349888153141211,
      -0.9717508365927259
    ],
    [
      2.408731283338914,
      -3.0562354343163576
    ],
    [
      2.408731283338914,
      -3.0562354343163576
    ],
    [
      2.408731283338914,
      -3.0562354343163576
    ],
    [
      2.4960529085367975,
      -2.960911141698684
    ],
    [
      2.4960529085367975,
      -2.960911141698684
    ],
    [
      2.4960529085367975,
      -2.960911141698684
    ],
    [
      2.4960529085367975,
      -2.960911141698684
    ],
    [
      2.4960529085367975,
      -2.960911141698684
    ],
    [
      2.4960529085367975,
      -2.960911141698684
    ],
    [
      2.4960529085367975,
      -2.960911141698684
    ],
    [
      2.4960529085367975,
      -2.960911141698684
    ],
    [
      2.4960529085367975,
      -2.960911141698684
    ],
    [
      2.4960529085367975,
      -2.960911141698684
    ]
  ],
  "diagnostics": {
    "cache_size": 927,
    "exact_evals": 927,
    "surrogate_calls": 0,
    "iterations": 14,
    "time_s": 0.0641028881072998,
    "diversity_history": [
      2.8109351595061076,
      2.2973921234104404,
      1.5458440118829802,
      0.8745053515332476,
      1.0129754921097887,
      1.395592338490982,
      1.3891825948942742,
      1.197786461439275,
      0.9044084799317542,
      0.5778247689417941,
      0.49566490752970677,
      0.6192206420376974,
      0.7388026701716627,
      0.7274776731254211
    ],
    "surrogate_cv_history": [],
    "retrain_log": [],
    "elitist_count": 0,
    "gradient_refinements": 42
  }
}