{
  "optimizer": "COO",
  "function": "Schwefel_Rotated",
  "config": "optuna_Schwefel_Rotated_COO",
  "seed": 6,
  "status": "ok",
  "best_value": 79.12639547280014,
  "best_pos": [
    440.301384,
    -398.872819
  ],
  "time_sec": 0.3909,
  "conv_hist": [
    -262.1229737537502,
    -150.94954312417394,
    -94.19508959044151,
    -94.19508959044151,
    -94.19508959044151,
    -94.19508959044151,
    -94.19508959044151,
    -94.19508959044151,
    -94.19508959044151,
    -94.19508959044151,
    -88.35001680656148,
    -80.67428255527261,
    -80.0272597524579,
    -79.18937925207047,
    -79.12639547280014,
    -79.12639547280014,
    -79.12639547280014,
    -79.12639547280014,
    -79.12639547280014,
    -79.12639547280014,
    -79.12639547280014,
    -79.12639547280014,
    -79.12639547280014,
    -79.12639547280014
  ],
  "error": null,
  "pos_hist": [
    [
      458.72260031597375,
      -433.77951918656845
    ],
    [
      -270.9093904844136,
      453.8675509053923
    ],
    [
      432.12092963657415,
      -405.05866368288144
    ],
    [
      432.12092963657415,
      -405.05866368288144
    ],
    [
      432.12092963657415,
      -405.05866368288144
    ],
    [
      432.12092963657415,
      -405.05866368288144
    ],
    [
      432.12092963657415,
      -405.05866368288144
    ],
    [
      432.12092963657415,
      -405.05866368288144
    ],
    [
      432.12092963657415,
      -405.05866368288144
    ],
    [
      432.12092963657415,
      -405.05866368288144
    ],
    [
      445.83251380737585,
      -406.5806498082715
    ],
    [
      444.82716056656653,
      -397.88704697519904
    ],
    [
      443.234404247855,
      -396.96749781171945
    ],
    [
      441.8065777042313,
      -397.933582478963
    ],
    [
      440.30138441723466,
      -398.8728185939604
    ],
    [
      440.30138441723466,
      -398.8728185939604
    ],
    [
      440.30138441723466,
      -398.8728185939604
    ],
    [
      440.30138441723466,
      -398.8728185939604
    ],
    [
      440.30138441723466,
      -398.8728185939604
    ],
    [
      440.30138441723466,
      -398.8728185939604
    ],
    [
      440.30138441723466,
      -398.8728185939604
    ],
    [
      440.30138441723466,
      -398.8728185939604
    ],
    [
      440.30138441723466,
      -398.8728185939604
    ],
    [
      440.30138441723466,
      -398.8728185939604
    ]
  ],
  "diagnostics": {
    "cache_size": 1473,
    "exact_evals": 1473,
    "surrogate_calls": 0,
    "iterations": 24,
    "time_s": 0.3906974792480469,
    "diversity_history": [
      272.32810890325993,
      233.44643617327648,
      201.2187557263834,
      231.0612137955535,
      291.34042906590196,
      316.09203413369767,
      326.0454503035124,
      326.33916621171335,
      312.22094037992554,
      294.20114744911746,
      274.5295599287035,
      254.23942973370458,
      236.61065640757388,
      221.63401908159722,
      208.33964086791812,
      199.68520601495064,
      194.67899111106013,
      189.99889460449685,
      186.15569646959077,
      184.82057777862443,
      181.0739362497554,
      174.0365766135496,
      160.92448177434676,
      147.60019753083344
    ],
    "surrogate_cv_history": [],
    "retrain_log": [],
    "elitist_count": 0,
    "gradient_refinements": 72
  }
}