{
  "optimizer": "COO",
  "function": "Schwefel_Rotated",
  "config": "optuna_Schwefel_Rotated_COO",
  "seed": 7,
  "status": "ok",
  "best_value": -18.20169107030665,
  "best_pos": [
    490.664055,
    400.761593
  ],
  "time_sec": 0.1671,
  "conv_hist": [
    -247.26267242694757,
    -245.86575326266438,
    -138.21452779951733,
    -131.66216208961634,
    -131.66216208961634,
    -131.66216208961634,
    2.4761410835254765,
    14.426260541609281,
    14.426260541609281,
    14.426260541609281,
    14.426260541609281,
    17.429519802630466,
    18.20169107030665,
    18.20169107030665,
    18.20169107030665,
    18.20169107030665,
    18.20169107030665,
    18.20169107030665,
    18.20169107030665,
    18.20169107030665,
    18.20169107030665,
    18.20169107030665
  ],
  "error": null,
  "pos_hist": [
    [
      464.9709995361269,
      445.0482237927938
    ],
    [
      462.19725387812935,
      443.448419181864
    ],
    [
      420.75339218467485,
      -391.6798635684866
    ],
    [
      455.5967224248927,
      415.0234883597542
    ],
    [
      455.5967224248927,
      415.0234883597542
    ],
    [
      455.5967224248927,
      415.0234883597542
    ],
    [
      499.9764175828424,
      411.3371139294778
    ],
    [
      484.1660376920039,
      404.44736484859214
    ],
    [
      484.1660376920039,
      404.44736484859214
    ],
    [
      484.1660376920039,
      404.44736484859214
    ],
    [
      484.1660376920039,
      404.44736484859214
    ],
    [
      490.76844017853074,
      399.97371594556824
    ],
    [
      490.664055308378,
      400.76159265020715
    ],
    [
      490.664055308378,
      400.76159265020715
    ],
    [
      490.664055308378,
      400.76159265020715
    ],
    [
      490.664055308378,
      400.76159265020715
    ],
    [
      490.664055308378,
      400.76159265020715
    ],
    [
      490.664055308378,
      400.76159265020715
    ],
    [
      490.664055308378,
      400.76159265020715
    ],
    [
      490.664055308378,
      400.76159265020715
    ],
    [
      490.664055308378,
      400.76159265020715
    ],
    [
      490.664055308378,
      400.76159265020715
    ]
  ],
  "diagnostics": {
    "cache_size": 1330,
    "exact_evals": 1330,
    "surrogate_calls": 0,
    "iterations": 22,
    "time_s": 0.16689586639404297,
    "diversity_history": [
      259.9540150866062,
      220.45993471152835,
      196.01926347979878,
      230.38322403548548,
      297.3789803179831,
      318.546936117316,
      324.24661531346663,
      325.745444026039,
      319.2500451100359,
      305.69170041369665,
      288.18475447646597,
      267.85417487896626,
      244.62903305938227,
      222.19649479927364,
      200.9197824147526,
      182.60246159376572,
      167.96542570867285,
      154.7338012133376,
      139.12715386315756,
      118.39224067047341,
      95.09835481139184,
      72.79435565198466
    ],
    "surrogate_cv_history": [],
    "retrain_log": [],
    "elitist_count": 0,
    "gradient_refinements": 66
  }
}