{
  "optimizer": "COO",
  "function": "Schwefel_Rotated",
  "config": "optuna_Schwefel_Rotated_COO",
  "seed": 9,
  "status": "ok",
  "best_value": -18.48527584155306,
  "best_pos": [
    487.698973,
    405.32983
  ],
  "time_sec": 0.2429,
  "conv_hist": [
    -238.8202512519199,
    -238.8202512519199,
    -203.2336041597814,
    -203.2336041597814,
    -105.79116897191977,
    -105.79116897191977,
    -105.79116897191977,
    -91.54393368244644,
    -83.57866825110864,
    -80.68452160043114,
    -61.68509660688164,
    12.293612675937766,
    12.293612675937766,
    17.9596479638476,
    18.48527584155306,
    18.48527584155306,
    18.48527584155306,
    18.48527584155306,
    18.48527584155306,
    18.48527584155306,
    18.48527584155306,
    18.48527584155306,
    18.48527584155306,
    18.48527584155306
  ],
  "error": null,
  "pos_hist": [
    [
      398.0071182251496,
      166.89897291963666
    ],
    [
      398.0071182251496,
      166.89897291963666
    ],
    [
      409.52703687800243,
      -401.18617771283823
    ],
    [
      409.52703687800243,
      -401.18617771283823
    ],
    [
      451.77281121947215,
      -388.7763744302404
    ],
    [
      451.77281121947215,
      -388.7763744302404
    ],
    [
      451.77281121947215,
      -388.7763744302404
    ],
    [
      451.3773397869293,
      -398.83193536697553
    ],
    [
      447.43217009585635,
      -399.5476095932498
    ],
    [
      437.69529510958205,
      -399.1521403510921
    ],
    [
      475.31536344368027,
      383.50319999953575
    ],
    [
      490.3694713171965,
      411.93678078088817
    ],
    [
      490.3694713171965,
      411.93678078088817
    ],
    [
      493.2650392253978,
      401.5621035433424
    ],
    [
      487.6989731823725,
      405.329830168062
    ],
    [
      487.6989731823725,
      405.329830168062
    ],
    [
      487.6989731823725,
      405.329830168062
    ],
    [
      487.6989731823725,
      405.329830168062
    ],
    [
      487.6989731823725,
      405.329830168062
    ],
    [
      487.6989731823725,
      405.329830168062
    ],
    [
      487.6989731823725,
      405.329830168062
    ],
    [
      487.6989731823725,
      405.329830168062
    ],
    [
      487.6989731823725,
      405.329830168062
    ],
    [
      487.6989731823725,
      405.329830168062
    ]
  ],
  "diagnostics": {
    "cache_size": 1458,
    "exact_evals": 1458,
    "surrogate_calls": 0,
    "iterations": 24,
    "time_s": 0.24260544776916504,
    "diversity_history": [
      278.9134613371877,
      234.32445860245036,
      184.85259018465695,
      186.60013576637488,
      230.373778229935,
      250.65529792440577,
      249.4583839282039,
      242.57748282263543,
      233.33613865970437,
      223.70971410063868,
      217.75762867825034,
      210.9039548571346,
      194.80133500310288,
      172.38243280614856,
      151.21608578468488,
      135.20032661469983,
      120.42241670162701,
      105.32396237492574,
      91.43236520190835,
      78.94663726568346,
      68.20184694671805,
      58.12000863347664,
      49.451077227873924,
      41.33250092139757
    ],
    "surrogate_cv_history": [],
    "retrain_log": [],
    "elitist_count": 0,
    "gradient_refinements": 72
  }
}