{
  "optimizer": "COO",
  "function": "Schwefel_Rotated",
  "config": "optuna_Schwefel_Rotated_COO",
  "seed": 8,
  "status": "ok",
  "best_value": -15.014659712704884,
  "best_pos": [
    490.431107,
    398.128751
  ],
  "time_sec": 0.4317,
  "conv_hist": [
    -287.5404145654005,
    -287.5404145654005,
    -287.5404145654005,
    -287.5404145654005,
    -223.5631977882523,
    -223.5631977882523,
    -223.5631977882523,
    -128.3826021631594,
    -91.37902730518181,
    -74.31142449215463,
    -6.458266668139231,
    9.211091452556957,
    9.211091452556957,
    13.796047300806322,
    15.014659712704884,
    15.014659712704884,
    15.014659712704884,
    15.014659712704884,
    15.014659712704884,
    15.014659712704884,
    15.014659712704884,
    15.014659712704884,
    15.014659712704884,
    15.014659712704884
  ],
  "error": null,
  "pos_hist": [
    [
      -461.08770235767815,
      -53.577092482097385
    ],
    [
      -461.08770235767815,
      -53.577092482097385
    ],
    [
      -461.08770235767815,
      -53.577092482097385
    ],
    [
      -461.08770235767815,
      -53.577092482097385
    ],
    [
      304.6665642780974,
      462.07738369063793
    ],
    [
      304.6665642780974,
      462.07738369063793
    ],
    [
      304.6665642780974,
      462.07738369063793
    ],
    [
      491.50299100349673,
      369.2475389727347
    ],
    [
      485.79218364468863,
      374.3408608966072
    ],
    [
      480.9381704704669,
      378.14958892743704
    ],
    [
      499.98115578036277,
      393.2499225619047
    ],
    [
      481.5024709227176,
      404.0358253737415
    ],
    [
      481.5024709227176,
      404.0358253737415
    ],
    [
      489.959367038178,
      397.41131682790115
    ],
    [
      490.43110687974945,
      398.128750948966
    ],
    [
      490.43110687974945,
      398.128750948966
    ],
    [
      490.43110687974945,
      398.128750948966
    ],
    [
      490.43110687974945,
      398.128750948966
    ],
    [
      490.43110687974945,
      398.128750948966
    ],
    [
      490.43110687974945,
      398.128750948966
    ],
    [
      490.43110687974945,
      398.128750948966
    ],
    [
      490.43110687974945,
      398.128750948966
    ],
    [
      490.43110687974945,
      398.128750948966
    ],
    [
      490.43110687974945,
      398.128750948966
    ]
  ],
  "diagnostics": {
    "cache_size": 1482,
    "exact_evals": 1482,
    "surrogate_calls": 0,
    "iterations": 24,
    "time_s": 0.4314696788787842,
    "diversity_history": [
      276.7499385731991,
      238.23661086228236,
      202.45082280833776,
      211.066329564107,
      251.09883087316254,
      268.7768434621342,
      274.79253160353136,
      274.20201936158395,
      269.9717327642402,
      273.78659891770485,
      271.79062334682646,
      263.57104973349783,
      253.27030278117803,
      242.3921706905952,
      227.07356331478934,
      209.57850255326025,
      189.90523798649065,
      166.6716122010355,
      146.81763986988327,
      127.75967549874521,
      109.32945166664074,
      89.76977284007688,
      69.73625677000341,
      53.16421890177459
    ],
    "surrogate_cv_history": [],
    "retrain_log": [],
    "elitist_count": 0,
    "gradient_refinements": 72
  }
}