{
  "optimizer": "COO",
  "function": "Rosenbrock_ShiftedRotated",
  "config": "optuna_Rosenbrock_ShiftedRotated_COO",
  "seed": 1,
  "status": "ok",
  "best_value": 0.0004927185011162815,
  "best_pos": [
    -2.350981,
    0.945904
  ],
  "time_sec": 0.1866,
  "conv_hist": [
    -1.7572930290669995,
    -0.06346907990945362,
    -0.0410502250265691,
    -0.0410502250265691,
    -0.01968451999275917,
    -0.008901971682935727,
    -0.0004927185011162815,
    -0.0004927185011162815,
    -0.0004927185011162815,
    -0.0004927185011162815,
    -0.0004927185011162815,
    -0.0004927185011162815,
    -0.0004927185011162815,
    -0.0004927185011162815,
    -0.0004927185011162815,
    -0.0004927185011162815
  ],
  "error": null,
  "pos_hist": [
    [
      -0.9328791092037858,
      1.7692904626772563
    ],
    [
      -1.8059617995134813,
      1.0178977778806106
    ],
    [
      -2.0036067027939737,
      0.9891724619165545
    ],
    [
      -2.0036067027939737,
      0.9891724619165545
    ],
    [
      -2.3149620557694264,
      0.9425107169914683
    ],
    [
      -2.5,
      0.9360107409088443
    ],
    [
      -2.350981252151862,
      0.9459040555504953
    ],
    [
      -2.350981252151862,
      0.9459040555504953
    ],
    [
      -2.350981252151862,
      0.9459040555504953
    ],
    [
      -2.350981252151862,
      0.9459040555504953
    ],
    [
      -2.350981252151862,
      0.9459040555504953
    ],
    [
      -2.350981252151862,
      0.9459040555504953
    ],
    [
      -2.350981252151862,
      0.9459040555504953
    ],
    [
      -2.350981252151862,
      0.9459040555504953
    ],
    [
      -2.350981252151862,
      0.9459040555504953
    ],
    [
      -2.350981252151862,
      0.9459040555504953
    ]
  ],
  "diagnostics": {
    "cache_size": 1840,
    "exact_evals": 1840,
    "surrogate_calls": 0,
    "iterations": 16,
    "time_s": 0.18643999099731445,
    "diversity_history": [
      1.3869569180338377,
      1.1966195725857993,
      0.8277981452944354,
      0.4750334530556673,
      0.48268661656193856,
      0.6170447094441953,
      0.609443704761387,
      0.5170463212234185,
      0.40837466718051374,
      0.3682215573511084,
      0.339503507737511,
      0.33963319167805034,
      0.3047207401333918,
      0.29753658863415694,
      0.3068160878358887,
      0.31470899196249164
    ],
    "surrogate_cv_history": [],
    "retrain_log": [],
    "elitist_count": 0,
    "gradient_refinements": 68
  }
}