{
  "optimizer": "COO",
  "function": "Rosenbrock_ShiftedRotated",
  "config": "optuna_Rosenbrock_ShiftedRotated_COO",
  "seed": 8,
  "status": "ok",
  "best_value": 0.0015169701223562626,
  "best_pos": [
    -2.22065,
    0.957154
  ],
  "time_sec": 0.1733,
  "conv_hist": [
    -0.22451222420782294,
    -0.22451222420782294,
    -0.22451222420782294,
    -0.22451222420782294,
    -0.006994751281660328,
    -0.006994751281660328,
    -0.006994751281660328,
    -0.006994751281660328,
    -0.006994751281660328,
    -0.006994751281660328,
    -0.006994751281660328,
    -0.006994751281660328,
    -0.0015169701223562626,
    -0.0015169701223562626,
    -0.0015169701223562626,
    -0.0015169701223562626,
    -0.0015169701223562626,
    -0.0015169701223562626,
    -0.0015169701223562626,
    -0.0015169701223562626,
    -0.0015169701223562626,
    -0.0015169701223562626
  ],
  "error": null,
  "pos_hist": [
    [
      -2.0218581934955675,
      1.002424423777264
    ],
    [
      -2.0218581934955675,
      1.002424423777264
    ],
    [
      -2.0218581934955675,
      1.002424423777264
    ],
    [
      -2.0218581934955675,
      1.002424423777264
    ],
    [
      -2.3762206828900263,
      0.9411157260039905
    ],
    [
      -2.3762206828900263,
      0.9411157260039905
    ],
    [
      -2.3762206828900263,
      0.9411157260039905
    ],
    [
      -2.3762206828900263,
      0.9411157260039905
    ],
    [
      -2.3762206828900263,
      0.9411157260039905
    ],
    [
      -2.3762206828900263,
      0.9411157260039905
    ],
    [
      -2.3762206828900263,
      0.9411157260039905
    ],
    [
      -2.3762206828900263,
      0.9411157260039905
    ],
    [
      -2.2206498403179014,
      0.957153757693681
    ],
    [
      -2.2206498403179014,
      0.957153757693681
    ],
    [
      -2.2206498403179014,
      0.957153757693681
    ],
    [
      -2.2206498403179014,
      0.957153757693681
    ],
    [
      -2.2206498403179014,
      0.957153757693681
    ],
    [
      -2.2206498403179014,
      0.957153757693681
    ],
    [
      -2.2206498403179014,
      0.957153757693681
    ],
    [
      -2.2206498403179014,
      0.957153757693681
    ],
    [
      -2.2206498403179014,
      0.957153757693681
    ],
    [
      -2.2206498403179014,
      0.957153757693681
    ]
  ],
  "diagnostics": {
    "cache_size": 2500,
    "exact_evals": 2500,
    "surrogate_calls": 0,
    "iterations": 22,
    "time_s": 0.17310881614685059,
    "diversity_history": [
      1.2672272693458189,
      1.0632294630978638,
      0.7553902121470157,
      0.47470201822930036,
      0.49365623113299495,
      0.57784474714098,
      0.6121042036146104,
      0.559076505825949,
      0.45704899914556774,
      0.35693000558988014,
      0.28959644175980925,
      0.2880828052982406,
      0.32819706797143855,
      0.34417220222548445,
      0.33782129744825545,
      0.3174330728207051,
      0.28981236051468934,
      0.30515029247544234,
      0.3199167383499553,
      0.302270960757679,
      0.2736009595898258,
      0.2263830050621099
    ],
    "surrogate_cv_history": [],
    "retrain_log": [],
    "elitist_count": 0,
    "gradient_refinements": 80
  }
}