{
  "optimizer": "COO",
  "function": "Rosenbrock_ShiftedRotated",
  "config": "optuna_Rosenbrock_ShiftedRotated_COO",
  "seed": 9,
  "status": "ok",
  "best_value": 0.0001482425882143782,
  "best_pos": [
    -2.287437,
    0.950433
  ],
  "time_sec": 0.1542,
  "conv_hist": [
    -0.213307165518737,
    -0.04945934160526912,
    -0.04945934160526912,
    -0.04945934160526912,
    -0.04945864266223246,
    -0.005506206443824473,
    -0.005506206443824473,
    -0.0001482425882143782,
    -0.0001482425882143782,
    -0.0001482425882143782,
    -0.0001482425882143782,
    -0.0001482425882143782,
    -0.0001482425882143782,
    -0.0001482425882143782,
    -0.0001482425882143782,
    -0.0001482425882143782,
    -0.0001482425882143782
  ],
  "error": null,
  "pos_hist": [
    [
      -1.9847297407693831,
      0.9624061926972627
    ],
    [
      -2.156837447549625,
      0.9730726887629584
    ],
    [
      -2.156837447549625,
      0.9730726887629584
    ],
    [
      -2.156837447549625,
      0.9730726887629584
    ],
    [
      -1.902344965910524,
      1.0032842719492254
    ],
    [
      -2.202034746955086,
      0.9611212247678346
    ],
    [
      -2.202034746955086,
      0.9611212247678346
    ],
    [
      -2.2874373833878985,
      0.9504326817699564
    ],
    [
      -2.2874373833878985,
      0.9504326817699564
    ],
    [
      -2.2874373833878985,
      0.9504326817699564
    ],
    [
      -2.2874373833878985,
      0.9504326817699564
    ],
    [
      -2.2874373833878985,
      0.9504326817699564
    ],
    [
      -2.2874373833878985,
      0.9504326817699564
    ],
    [
      -2.2874373833878985,
      0.9504326817699564
    ],
    [
      -2.2874373833878985,
      0.9504326817699564
    ],
    [
      -2.2874373833878985,
      0.9504326817699564
    ],
    [
      -2.2874373833878985,
      0.9504326817699564
    ]
  ],
  "diagnostics": {
    "cache_size": 1950,
    "exact_evals": 1950,
    "surrogate_calls": 0,
    "iterations": 17,
    "time_s": 0.15398049354553223,
    "diversity_history": [
      1.2457398580237318,
      1.0751654551840664,
      0.7762704034057066,
      0.4842471264502438,
      0.4703056523388742,
      0.5304713597270747,
      0.541018088902362,
      0.5079686661495504,
      0.4123803949451243,
      0.3462834030195347,
      0.3173312980340472,
      0.3191544846497052,
      0.3325707540704941,
      0.3616141260577025,
      0.33988515868626723,
      0.30152776076449417,
      0.3261256592628858
    ],
    "surrogate_cv_history": [],
    "retrain_log": [],
    "elitist_count": 0,
    "gradient_refinements": 72
  }
}