{
  "optimizer": "COO",
  "function": "Griewank_Shifted",
  "config": "optuna_Griewank_Shifted_COO",
  "seed": 5,
  "status": "ok",
  "best_value": 0.06741886254249907,
  "best_pos": [
    199.69099,
    -291.087406
  ],
  "time_sec": 0.3491,
  "conv_hist": [
    -1.1014694958301696,
    -1.1014694958301696,
    -0.9241992257650203,
    -0.19601132812021138,
    -0.18606481636076666,
    -0.18606481636076666,
    -0.06741886254249907,
    -0.06741886254249907,
    -0.06741886254249907,
    -0.06741886254249907,
    -0.06741886254249907,
    -0.06741886254249907,
    -0.06741886254249907,
    -0.06741886254249907,
    -0.06741886254249907,
    -0.06741886254249907
  ],
  "error": null,
  "pos_hist": [
    [
      182.7249431852407,
      -309.769135083085
    ],
    [
      182.7249431852407,
      -309.769135083085
    ],
    [
      173.60156722458078,
      -308.21133444511196
    ],
    [
      183.81567682674574,
      -295.815764198413
    ],
    [
      193.47981288330112,
      -300.788810348152
    ],
    [
      193.47981288330112,
      -300.788810348152
    ],
    [
      199.69098962592898,
      -291.0874062334589
    ],
    [
      199.69098962592898,
      -291.0874062334589
    ],
    [
      199.69098962592898,
      -291.0874062334589
    ],
    [
      199.69098962592898,
      -291.0874062334589
    ],
    [
      199.69098962592898,
      -291.0874062334589
    ],
    [
      199.69098962592898,
      -291.0874062334589
    ],
    [
      199.69098962592898,
      -291.0874062334589
    ],
    [
      199.69098962592898,
      -291.0874062334589
    ],
    [
      199.69098962592898,
      -291.0874062334589
    ],
    [
      199.69098962592898,
      -291.0874062334589
    ]
  ],
  "diagnostics": {
    "cache_size": 2425,
    "exact_evals": 2425,
    "surrogate_calls": 0,
    "iterations": 16,
    "time_s": 0.34883809089660645,
    "diversity_history": [
      350.2488693843928,
      287.90638050511296,
      184.19687919944852,
      67.12387182111257,
      71.39549620236994,
      142.9084989845631,
      165.96584854694902,
      156.6874149594341,
      116.21069332310016,
      60.41681107913367,
      30.99323603124521,
      59.768831727877036,
      77.96455147514615,
      74.70960370070998,
      54.75886969435303,
      29.030543192080252
    ],
    "surrogate_cv_history": [],
    "retrain_log": [],
    "elitist_count": 0,
    "gradient_refinements": 128
  }
}