{
  "optimizer": "COO",
  "function": "Rastrigin_ShiftedRotated",
  "config": "optuna_Rastrigin_ShiftedRotated_COO",
  "seed": 6,
  "status": "ok",
  "best_value": 0.00023297820600021169,
  "best_pos": [
    2.501075,
    -3.000137
  ],
  "time_sec": 0.4181,
  "conv_hist": [
    -3.289457082362052,
    -3.289457082362052,
    -3.289457082362052,
    -3.289457082362052,
    -3.289457082362052,
    -3.088972015114553,
    -2.01155241199519,
    -2.01155241199519,
    -1.0041869537866575,
    -1.0041869537866575,
    -0.00023297820600021169,
    -0.00023297820600021169,
    -0.00023297820600021169,
    -0.00023297820600021169,
    -0.00023297820600021169,
    -0.00023297820600021169,
    -0.00023297820600021169,
    -0.00023297820600021169,
    -0.00023297820600021169,
    -0.00023297820600021169
  ],
  "error": null,
  "pos_hist": [
    [
      3.44994399136955,
      -3.2683558288799817
    ],
    [
      3.44994399136955,
      -3.2683558288799817
    ],
    [
      3.44994399136955,
      -3.2683558288799817
    ],
    [
      3.44994399136955,
      -3.2683558288799817
    ],
    [
      3.44994399136955,
      -3.2683558288799817
    ],
    [
      2.0197212383357157,
      -1.6711645485855493
    ],
    [
      3.798867642781472,
      -2.442364188516317
    ],
    [
      3.798867642781472,
      -2.442364188516317
    ],
    [
      2.8790077981441096,
      -2.073186146534726
    ],
    [
      2.8790077981441096,
      -2.073186146534726
    ],
    [
      2.5010749492186823,
      -3.0001371870346145
    ],
    [
      2.5010749492186823,
      -3.0001371870346145
    ],
    [
      2.5010749492186823,
      -3.0001371870346145
    ],
    [
      2.5010749492186823,
      -3.0001371870346145
    ],
    [
      2.5010749492186823,
      -3.0001371870346145
    ],
    [
      2.5010749492186823,
      -3.0001371870346145
    ],
    [
      2.5010749492186823,
      -3.0001371870346145
    ],
    [
      2.5010749492186823,
      -3.0001371870346145
    ],
    [
      2.5010749492186823,
      -3.0001371870346145
    ],
    [
      2.5010749492186823,
      -3.0001371870346145
    ]
  ],
  "diagnostics": {
    "cache_size": 1782,
    "exact_evals": 1782,
    "surrogate_calls": 0,
    "iterations": 20,
    "time_s": 0.4178347587585449,
    "diversity_history": [
      2.8211799710601317,
      2.2938750603681872,
      1.5270657264126046,
      0.8807725020541126,
      1.0453850354171403,
      1.2951600204922975,
      1.3796521723774036,
      1.2330105699213942,
      0.9614326185822302,
      0.7157028257802205,
      0.6702865751708158,
      0.7322945385343216,
      0.8110590764927654,
      0.7470999725984828,
      0.6622178766672915,
      0.6104997404570476,
      0.6055029743644545,
      0.6032764571623505,
      0.6291861396746952,
      0.617916928855585
    ],
    "surrogate_cv_history": [],
    "retrain_log": [],
    "elitist_count": 0,
    "gradient_refinements": 89
  }
}