{
  "optimizer": "COO",
  "function": "Rastrigin_ShiftedRotated",
  "config": "optuna_Rastrigin_ShiftedRotated_COO",
  "seed": 4,
  "status": "ok",
  "best_value": 0.12302458478499645,
  "best_pos": [
    2.476624,
    -2.991343
  ],
  "time_sec": 0.272,
  "conv_hist": [
    -10.01520347026268,
    -4.978419180485355,
    -1.9940447400036483,
    -0.12302458478499645,
    -0.12302458478499645,
    -0.12302458478499645,
    -0.12302458478499645,
    -0.12302458478499645,
    -0.12302458478499645,
    -0.12302458478499645,
    -0.12302458478499645,
    -0.12302458478499645,
    -0.12302458478499645
  ],
  "error": null,
  "pos_hist": [
    [
      4.877050416908715,
      -5.056202186705
    ],
    [
      3.4465244853838404,
      -3.5167316670228357
    ],
    [
      1.948056859684365,
      -1.7026142048088702
    ],
    [
      2.4766243548393527,
      -2.99134275510719
    ],
    [
      2.4766243548393527,
      -2.99134275510719
    ],
    [
      2.4766243548393527,
      -2.99134275510719
    ],
    [
      2.4766243548393527,
      -2.99134275510719
    ],
    [
      2.4766243548393527,
      -2.99134275510719
    ],
    [
      2.4766243548393527,
      -2.99134275510719
    ],
    [
      2.4766243548393527,
      -2.99134275510719
    ],
    [
      2.4766243548393527,
      -2.99134275510719
    ],
    [
      2.4766243548393527,
      -2.99134275510719
    ],
    [
      2.4766243548393527,
      -2.99134275510719
    ]
  ],
  "diagnostics": {
    "cache_size": 1191,
    "exact_evals": 1191,
    "surrogate_calls": 0,
    "iterations": 13,
    "time_s": 0.27172231674194336,
    "diversity_history": [
      2.9056107410988963,
      2.436904579586586,
      1.6258987507081615,
      0.9002809461015433,
      1.0675353958010219,
      1.2930166076979714,
      1.3152936491844787,
      1.1784546369390794,
      0.9831307404289301,
      0.7760596048416359,
      0.6505338007710366,
      0.6492795620938004,
      0.6767098160796311
    ],
    "surrogate_cv_history": [],
    "retrain_log": [],
    "elitist_count": 0,
    "gradient_refinements": 60
  }
}