{
  "optimizer": "COO",
  "function": "Rastrigin_ShiftedRotated",
  "config": "optuna_Rastrigin_ShiftedRotated_COO",
  "seed": 9,
  "status": "ok",
  "best_value": 0.2920425723439699,
  "best_pos": [
    2.521048,
    -2.967818
  ],
  "time_sec": 0.1918,
  "conv_hist": [
    -14.119986877518713,
    -6.468040032949517,
    -1.6562992897567455,
    -0.2920425723439699,
    -0.2920425723439699,
    -0.2920425723439699,
    -0.2920425723439699,
    -0.2920425723439699,
    -0.2920425723439699,
    -0.2920425723439699,
    -0.2920425723439699,
    -0.2920425723439699,
    -0.2920425723439699
  ],
  "error": null,
  "pos_hist": [
    [
      3.115372906279217,
      -0.9592701864646047
    ],
    [
      4.054601021843821,
      -4.689954352029163
    ],
    [
      2.8283810490330055,
      -2.042709222673782
    ],
    [
      2.5210476369056125,
      -2.9678180266936103
    ],
    [
      2.5210476369056125,
      -2.9678180266936103
    ],
    [
      2.5210476369056125,
      -2.9678180266936103
    ],
    [
      2.5210476369056125,
      -2.9678180266936103
    ],
    [
      2.5210476369056125,
      -2.9678180266936103
    ],
    [
      2.5210476369056125,
      -2.9678180266936103
    ],
    [
      2.5210476369056125,
      -2.9678180266936103
    ],
    [
      2.5210476369056125,
      -2.9678180266936103
    ],
    [
      2.5210476369056125,
      -2.9678180266936103
    ],
    [
      2.5210476369056125,
      -2.9678180266936103
    ]
  ],
  "diagnostics": {
    "cache_size": 1196,
    "exact_evals": 1196,
    "surrogate_calls": 0,
    "iterations": 13,
    "time_s": 0.19156575202941895,
    "diversity_history": [
      2.9043147446608053,
      2.3994022409275995,
      1.6540628031470264,
      1.1356979425772402,
      1.2766817256475536,
      1.4081037613158267,
      1.3869763389120955,
      1.2448499678386704,
      0.9187407554463827,
      0.6030865498200119,
      0.5230413887342203,
      0.6435786269890369,
      0.7457215696451472
    ],
    "surrogate_cv_history": [],
    "retrain_log": [],
    "elitist_count": 0,
    "gradient_refinements": 61
  }
}