{
  "optimizer": "COO",
  "function": "Rastrigin_ShiftedRotated",
  "config": "optuna_Rastrigin_ShiftedRotated_COO",
  "seed": 1,
  "status": "ok",
  "best_value": 0.03324437226173771,
  "best_pos": [
    2.494804,
    -3.01186
  ],
  "time_sec": 0.5378,
  "conv_hist": [
    -2.375166580155039,
    -2.070706202357435,
    -2.070706202357435,
    -1.679817281448333,
    -1.679817281448333,
    -1.5860527982624006,
    -0.03324437226173771,
    -0.03324437226173771,
    -0.03324437226173771,
    -0.03324437226173771,
    -0.03324437226173771,
    -0.03324437226173771,
    -0.03324437226173771,
    -0.03324437226173771,
    -0.03324437226173771,
    -0.03324437226173771
  ],
  "error": null,
  "pos_hist": [
    [
      2.166013528355551,
      -3.8474653494050335
    ],
    [
      3.789908631798516,
      -2.4332651270649372
    ],
    [
      3.789908631798516,
      -2.4332651270649372
    ],
    [
      2.592976181541748,
      -3.0041834175787705
    ],
    [
      2.592976181541748,
      -3.0041834175787705
    ],
    [
      3.410259160287495,
      -3.3208026643898183
    ],
    [
      2.494804327711763,
      -3.011860265117195
    ],
    [
      2.494804327711763,
      -3.011860265117195
    ],
    [
      2.494804327711763,
      -3.011860265117195
    ],
    [
      2.494804327711763,
      -3.011860265117195
    ],
    [
      2.494804327711763,
      -3.011860265117195
    ],
    [
      2.494804327711763,
      -3.011860265117195
    ],
    [
      2.494804327711763,
      -3.011860265117195
    ],
    [
      2.494804327711763,
      -3.011860265117195
    ],
    [
      2.494804327711763,
      -3.011860265117195
    ],
    [
      2.494804327711763,
      -3.011860265117195
    ]
  ],
  "diagnostics": {
    "cache_size": 1448,
    "exact_evals": 1448,
    "surrogate_calls": 0,
    "iterations": 16,
    "time_s": 0.5357458591461182,
    "diversity_history": [
      3.0812118962894903,
      2.6074460290870816,
      1.909392961076164,
      1.4006810973331472,
      1.5369573127124878,
      1.7880161620475044,
      1.6926705250907346,
      1.503806872536722,
      1.2016808347324246,
      0.8811808221374999,
      0.7033848681052696,
      0.8993921704175818,
      1.0140118274848797,
      1.0671575943704754,
      1.0224058536508203,
      0.9203105254002593
    ],
    "surrogate_cv_history": [],
    "retrain_log": [],
    "elitist_count": 0,
    "gradient_refinements": 73
  }
}