{
  "optimizer": "COO",
  "function": "Rastrigin_ShiftedRotated",
  "config": "optuna_Rastrigin_ShiftedRotated_COO",
  "seed": 8,
  "status": "ok",
  "best_value": 0.0200565047351553,
  "best_pos": [
    2.508416,
    -3.005504
  ],
  "time_sec": 0.2895,
  "conv_hist": [
    -12.959924162966889,
    -7.457137399597574,
    -5.2117487882783315,
    -2.455053256102108,
    -0.0200565047351553,
    -0.0200565047351553,
    -0.0200565047351553,
    -0.0200565047351553,
    -0.0200565047351553,
    -0.0200565047351553,
    -0.0200565047351553,
    -0.0200565047351553,
    -0.0200565047351553,
    -0.0200565047351553
  ],
  "error": null,
  "pos_hist": [
    [
      3.1400584725834326,
      -2.062077925859328
    ],
    [
      0.7426028656237542,
      -4.396351988304828
    ],
    [
      2.2406532917447572,
      -3.825659455396645
    ],
    [
      2.807457141831752,
      -2.022986494134669
    ],
    [
      2.5084163145315723,
      -3.005503818929973
    ],
    [
      2.5084163145315723,
      -3.005503818929973
    ],
    [
      2.5084163145315723,
      -3.005503818929973
    ],
    [
      2.5084163145315723,
      -3.005503818929973
    ],
    [
      2.5084163145315723,
      -3.005503818929973
    ],
    [
      2.5084163145315723,
      -3.005503818929973
    ],
    [
      2.5084163145315723,
      -3.005503818929973
    ],
    [
      2.5084163145315723,
      -3.005503818929973
    ],
    [
      2.5084163145315723,
      -3.005503818929973
    ],
    [
      2.5084163145315723,
      -3.005503818929973
    ]
  ],
  "diagnostics": {
    "cache_size": 1273,
    "exact_evals": 1273,
    "surrogate_calls": 0,
    "iterations": 14,
    "time_s": 0.28926563262939453,
    "diversity_history": [
      2.9012463008521436,
      2.389285697107937,
      1.6612483362015793,
      1.154957559405017,
      1.248782126134468,
      1.3967750651846798,
      1.3870958159944333,
      1.1945354255454936,
      0.978981989964776,
      0.8755434535479996,
      0.8750500381871473,
      0.8981444086327924,
      0.8479592266957885,
      0.7215914270147901
    ],
    "surrogate_cv_history": [],
    "retrain_log": [],
    "elitist_count": 0,
    "gradient_refinements": 64
  }
}