{
  "optimizer": "COO",
  "function": "Rastrigin_ShiftedRotated",
  "config": "optuna_Rastrigin_ShiftedRotated_COO",
  "seed": 5,
  "status": "ok",
  "best_value": 0.9956964392523417,
  "best_pos": [
    3.42379,
    -3.374302
  ],
  "time_sec": 0.3234,
  "conv_hist": [
    -7.190148446535755,
    -2.29761198943811,
    -2.29761198943811,
    -0.9956964392523417,
    -0.9956964392523417,
    -0.9956964392523417,
    -0.9956964392523417,
    -0.9956964392523417,
    -0.9956964392523417,
    -0.9956964392523417,
    -0.9956964392523417,
    -0.9956964392523417,
    -0.9956964392523417
  ],
  "error": null,
  "pos_hist": [
    [
      3.8905551995010965,
      -2.31335462919962
    ],
    [
      1.5274597292632188,
      -2.5619043232499745
    ],
    [
      1.5274597292632188,
      -2.5619043232499745
    ],
    [
      3.423789912796047,
      -3.3743020143658424
    ],
    [
      3.423789912796047,
      -3.3743020143658424
    ],
    [
      3.423789912796047,
      -3.3743020143658424
    ],
    [
      3.423789912796047,
      -3.3743020143658424
    ],
    [
      3.423789912796047,
      -3.3743020143658424
    ],
    [
      3.423789912796047,
      -3.3743020143658424
    ],
    [
      3.423789912796047,
      -3.3743020143658424
    ],
    [
      3.423789912796047,
      -3.3743020143658424
    ],
    [
      3.423789912796047,
      -3.3743020143658424
    ],
    [
      3.423789912796047,
      -3.3743020143658424
    ]
  ],
  "diagnostics": {
    "cache_size": 1197,
    "exact_evals": 1197,
    "surrogate_calls": 0,
    "iterations": 13,
    "time_s": 0.32316160202026367,
    "diversity_history": [
      3.1172253179345457,
      2.592497900441132,
      1.7289122524663396,
      0.9915713793508756,
      1.0996554451811134,
      1.3851845263499354,
      1.3887409972479703,
      1.1968263049438614,
      0.871948976301479,
      0.6286615608777688,
      0.5673415989653394,
      0.6585581651410194,
      0.7406267908890978
    ],
    "surrogate_cv_history": [],
    "retrain_log": [],
    "elitist_count": 0,
    "gradient_refinements": 61
  }
}