{
  "optimizer": "COO",
  "function": "Griewank_Rotated",
  "config": "optuna_Griewank_Rotated_COO",
  "seed": 1,
  "status": "ok",
  "best_value": 0.01733986258776532,
  "best_pos": [
    5.199061,
    1.384849
  ],
  "time_sec": 1.0274,
  "conv_hist": [
    -4.115331859702028,
    -4.115331859702028,
    -4.115331859702028,
    -0.4540548554992546,
    -0.4540548554992546,
    -0.4540548554992546,
    -0.4540548554992546,
    -0.4540548554992546,
    -0.14678230021009941,
    -0.01733986258776532,
    -0.01733986258776532,
    -0.01733986258776532,
    -0.01733986258776532,
    -0.01733986258776532,
    -0.01733986258776532,
    -0.01733986258776532,
    -0.01733986258776532,
    -0.01733986258776532,
    -0.01733986258776532
  ],
  "error": null,
  "pos_hist": [
    [
      -60.10543982407137,
      94.06753726455815
    ],
    [
      -60.10543982407137,
      94.06753726455815
    ],
    [
      -60.10543982407137,
      94.06753726455815
    ],
    [
      12.591793259456535,
      17.78607611356002
    ],
    [
      12.591793259456535,
      17.78607611356002
    ],
    [
      12.591793259456535,
      17.78607611356002
    ],
    [
      12.591793259456535,
      17.78607611356002
    ],
    [
      12.591793259456535,
      17.78607611356002
    ],
    [
      6.625557743838766,
      17.487564422135186
    ],
    [
      5.199061217610899,
      1.3848488547610232
    ],
    [
      5.199061217610899,
      1.3848488547610232
    ],
    [
      5.199061217610899,
      1.3848488547610232
    ],
    [
      5.199061217610899,
      1.3848488547610232
    ],
    [
      5.199061217610899,
      1.3848488547610232
    ],
    [
      5.199061217610899,
      1.3848488547610232
    ],
    [
      5.199061217610899,
      1.3848488547610232
    ],
    [
      5.199061217610899,
      1.3848488547610232
    ],
    [
      5.199061217610899,
      1.3848488547610232
    ],
    [
      5.199061217610899,
      1.3848488547610232
    ]
  ],
  "diagnostics": {
    "cache_size": 1855,
    "exact_evals": 1855,
    "surrogate_calls": 0,
    "iterations": 19,
    "time_s": 0.9631996154785156,
    "diversity_history": [
      362.9158541400494,
      298.9503709091804,
      192.126595600602,
      71.95877362766188,
      75.83488494131228,
      148.60777632114412,
      180.24200206457922,
      166.78760614593978,
      119.76193462073101,
      58.23338532177416,
      34.03905312369296,
      64.74913913664611,
      78.9799998769135,
      70.6909218941174,
      48.002588341565314,
      24.42172836881231,
      22.38288979281881,
      31.147121401933433,
      31.573374440159178
    ],
    "surrogate_cv_history": [],
    "retrain_log": [],
    "elitist_count": 0,
    "gradient_refinements": 95
  }
}