{
  "optimizer": "COO",
  "function": "Griewank_Rotated",
  "config": "optuna_Griewank_Rotated_COO",
  "seed": 7,
  "status": "ok",
  "best_value": 0.08327324281567794,
  "best_pos": [
    -8.620428,
    3.192977
  ],
  "time_sec": 0.994,
  "conv_hist": [
    -5.945071581061542,
    -3.5655162629601125,
    -1.7092094183490238,
    -0.8821029450935851,
    -0.6444946691352897,
    -0.6444946691352897,
    -0.6444946691352897,
    -0.5933760544259289,
    -0.5629743564096209,
    -0.32219629250944304,
    -0.23397222587021016,
    -0.23397222587021016,
    -0.08327324281567794,
    -0.08327324281567794,
    -0.08327324281567794,
    -0.08327324281567794,
    -0.08327324281567794,
    -0.08327324281567794,
    -0.08327324281567794,
    -0.08327324281567794,
    -0.08327324281567794,
    -0.08327324281567794
  ],
  "error": null,
  "pos_hist": [
    [
      -93.15114762823157,
      -88.25571277806921
    ],
    [
      107.00282132339775,
      2.6674058934489207
    ],
    [
      -49.723237505564704,
      -64.58363720165013
    ],
    [
      8.896927622633351,
      3.615885264191591
    ],
    [
      -9.453636728553148,
      -32.75510381677614
    ],
    [
      -9.453636728553148,
      -32.75510381677614
    ],
    [
      -9.453636728553148,
      -32.75510381677614
    ],
    [
      -33.004228317287264,
      2.378010368436377
    ],
    [
      20.39018125476481,
      -5.3041899726305015
    ],
    [
      -28.94133397576646,
      -2.039786637364181
    ],
    [
      -20.714306816719596,
      -4.676409624445793
    ],
    [
      -20.714306816719596,
      -4.676409624445793
    ],
    [
      -8.620428290412693,
      3.1929774735920597
    ],
    [
      -8.620428290412693,
      3.1929774735920597
    ],
    [
      -8.620428290412693,
      3.1929774735920597
    ],
    [
      -8.620428290412693,
      3.1929774735920597
    ],
    [
      -8.620428290412693,
      3.1929774735920597
    ],
    [
      -8.620428290412693,
      3.1929774735920597
    ],
    [
      -8.620428290412693,
      3.1929774735920597
    ],
    [
      -8.620428290412693,
      3.1929774735920597
    ],
    [
      -8.620428290412693,
      3.1929774735920597
    ],
    [
      -8.620428290412693,
      3.1929774735920597
    ]
  ],
  "diagnostics": {
    "cache_size": 2137,
    "exact_evals": 2137,
    "surrogate_calls": 0,
    "iterations": 22,
    "time_s": 0.993788480758667,
    "diversity_history": [
      330.64396266387905,
      269.0581251554163,
      168.31535592394823,
      62.74821714758673,
      78.99605469891017,
      141.26151833392098,
      165.30502715467387,
      148.00656040773885,
      100.42955126513306,
      41.38664257908211,
      28.3655407991533,
      63.158934660959034,
      75.77268520784422,
      65.17482198839474,
      39.631687394044725,
      14.677790649737375,
      21.906897962667344,
      33.652354063377075,
      33.42240077126995,
      25.505510844496623,
      15.37213177886331,
      10.551674012612947
    ],
    "surrogate_cv_history": [],
    "retrain_log": [],
    "elitist_count": 0,
    "gradient_refinements": 110
  }
}