{
  "optimizer": "COO",
  "function": "Griewank_Rotated",
  "config": "optuna_Griewank_Rotated_COO",
  "seed": 4,
  "status": "ok",
  "best_value": 0.04855876520020941,
  "best_pos": [
    4.904847,
    11.634363
  ],
  "time_sec": 0.7208,
  "conv_hist": [
    -4.287316668265309,
    -4.287316668265309,
    -1.7797993852955964,
    -0.17640576157522725,
    -0.17640576157522725,
    -0.17640576157522725,
    -0.17640576157522725,
    -0.17640576157522725,
    -0.13573467436154962,
    -0.13573467436154962,
    -0.04855876520020941,
    -0.04855876520020941,
    -0.04855876520020941,
    -0.04855876520020941,
    -0.04855876520020941,
    -0.04855876520020941,
    -0.04855876520020941,
    -0.04855876520020941,
    -0.04855876520020941,
    -0.04855876520020941
  ],
  "error": null,
  "pos_hist": [
    [
      17.680765095774177,
      124.27621243224769
    ],
    [
      17.680765095774177,
      124.27621243224769
    ],
    [
      20.392460298393495,
      54.3049564274569
    ],
    [
      -14.146612172967323,
      12.073264208278786
    ],
    [
      -14.146612172967323,
      12.073264208278786
    ],
    [
      -14.146612172967323,
      12.073264208278786
    ],
    [
      -14.146612172967323,
      12.073264208278786
    ],
    [
      -14.146612172967323,
      12.073264208278786
    ],
    [
      -19.187880422181287,
      11.2110621153988
    ],
    [
      -19.187880422181287,
      11.2110621153988
    ],
    [
      4.904846697244869,
      11.63436255537651
    ],
    [
      4.904846697244869,
      11.63436255537651
    ],
    [
      4.904846697244869,
      11.63436255537651
    ],
    [
      4.904846697244869,
      11.63436255537651
    ],
    [
      4.904846697244869,
      11.63436255537651
    ],
    [
      4.904846697244869,
      11.63436255537651
    ],
    [
      4.904846697244869,
      11.63436255537651
    ],
    [
      4.904846697244869,
      11.63436255537651
    ],
    [
      4.904846697244869,
      11.63436255537651
    ],
    [
      4.904846697244869,
      11.63436255537651
    ]
  ],
  "diagnostics": {
    "cache_size": 1949,
    "exact_evals": 1949,
    "surrogate_calls": 0,
    "iterations": 20,
    "time_s": 0.7205572128295898,
    "diversity_history": [
      343.9778631164057,
      281.11835832411555,
      176.50398885642403,
      62.34064393073907,
      68.06766781850148,
      137.5698471412469,
      166.926720574015,
      153.842658508943,
      109.1911702217213,
      50.7367875243839,
      27.387884921946046,
      60.53968075202452,
      74.83194528166443,
      66.61892050150959,
      42.9128841186826,
      16.3457377124238,
      18.217670590067225,
      30.202003333127557,
      31.818935305480373,
      23.752133616387823
    ],
    "surrogate_cv_history": [],
    "retrain_log": [],
    "elitist_count": 0,
    "gradient_refinements": 100
  }
}