{
  "optimizer": "COO",
  "function": "Griewank_Rotated",
  "config": "optuna_Griewank_Rotated_COO",
  "seed": 3,
  "status": "ok",
  "best_value": 0.1435636606886782,
  "best_pos": [
    12.387874,
    18.890237
  ],
  "time_sec": 0.6348,
  "conv_hist": [
    -2.630148117474433,
    -2.630148117474433,
    -1.9065324047522645,
    -0.7832876377564133,
    -0.1435636606886782,
    -0.1435636606886782,
    -0.1435636606886782,
    -0.1435636606886782,
    -0.1435636606886782,
    -0.1435636606886782,
    -0.1435636606886782,
    -0.1435636606886782,
    -0.1435636606886782,
    -0.1435636606886782
  ],
  "error": null,
  "pos_hist": [
    [
      -17.886928735094216,
      -53.664766222936464
    ],
    [
      -17.886928735094216,
      -53.664766222936464
    ],
    [
      -27.166549370351667,
      -58.751350308325414
    ],
    [
      21.228627779780002,
      41.53162674402951
    ],
    [
      12.387873883948068,
      18.89023730885487
    ],
    [
      12.387873883948068,
      18.89023730885487
    ],
    [
      12.387873883948068,
      18.89023730885487
    ],
    [
      12.387873883948068,
      18.89023730885487
    ],
    [
      12.387873883948068,
      18.89023730885487
    ],
    [
      12.387873883948068,
      18.89023730885487
    ],
    [
      12.387873883948068,
      18.89023730885487
    ],
    [
      12.387873883948068,
      18.89023730885487
    ],
    [
      12.387873883948068,
      18.89023730885487
    ],
    [
      12.387873883948068,
      18.89023730885487
    ]
  ],
  "diagnostics": {
    "cache_size": 1385,
    "exact_evals": 1385,
    "surrogate_calls": 0,
    "iterations": 14,
    "time_s": 0.6346113681793213,
    "diversity_history": [
      326.7478817221662,
      266.9883343106834,
      166.89026873076153,
      52.7133873533632,
      63.686162385289585,
      131.14674435090672,
      158.83344316871717,
      145.18594312385923,
      101.14078230784952,
      43.60891550988492,
      27.921624035685262,
      58.85857667206042,
      70.14713003614561,
      61.5808189722234
    ],
    "surrogate_cv_history": [],
    "retrain_log": [],
    "elitist_count": 0,
    "gradient_refinements": 70
  }
}