{
  "optimizer": "COO",
  "function": "Griewank_Rotated",
  "config": "optuna_Griewank_Rotated_COO",
  "seed": 6,
  "status": "ok",
  "best_value": 0.04333210332839077,
  "best_pos": [
    -7.547717,
    -7.246526
  ],
  "time_sec": 0.7364,
  "conv_hist": [
    -3.3558330327601062,
    -1.9670249690505557,
    -1.8954771963632444,
    -0.5432555496983078,
    -0.5432555496983078,
    -0.5432555496983078,
    -0.5432555496983078,
    -0.527564611670769,
    -0.4953587774203809,
    -0.24258617816068073,
    -0.24258617816068073,
    -0.04333210332839077,
    -0.04333210332839077,
    -0.04333210332839077,
    -0.04333210332839077,
    -0.04333210332839077,
    -0.04333210332839077,
    -0.04333210332839077,
    -0.04333210332839077,
    -0.04333210332839077,
    -0.04333210332839077
  ],
  "error": null,
  "pos_hist": [
    [
      21.643694399122523,
      94.63032027138854
    ],
    [
      36.75601445015802,
      -56.316762646797386
    ],
    [
      40.688414929323685,
      -47.923905438581315
    ],
    [
      28.10820365283855,
      33.018881036741156
    ],
    [
      28.10820365283855,
      33.018881036741156
    ],
    [
      28.10820365283855,
      33.018881036741156
    ],
    [
      28.10820365283855,
      33.018881036741156
    ],
    [
      34.71345608156566,
      12.65758320750398
    ],
    [
      -17.960408315772597,
      -30.098699190641472
    ],
    [
      14.875390291825983,
      14.635047766050512
    ],
    [
      14.875390291825983,
      14.635047766050512
    ],
    [
      -7.547716804101731,
      -7.246525525542598
    ],
    [
      -7.547716804101731,
      -7.246525525542598
    ],
    [
      -7.547716804101731,
      -7.246525525542598
    ],
    [
      -7.547716804101731,
      -7.246525525542598
    ],
    [
      -7.547716804101731,
      -7.246525525542598
    ],
    [
      -7.547716804101731,
      -7.246525525542598
    ],
    [
      -7.547716804101731,
      -7.246525525542598
    ],
    [
      -7.547716804101731,
      -7.246525525542598
    ],
    [
      -7.547716804101731,
      -7.246525525542598
    ],
    [
      -7.547716804101731,
      -7.246525525542598
    ]
  ],
  "diagnostics": {
    "cache_size": 2043,
    "exact_evals": 2043,
    "surrogate_calls": 0,
    "iterations": 21,
    "time_s": 0.7362332344055176,
    "diversity_history": [
      333.9414226522174,
      273.5600085722392,
      172.46456149579893,
      58.50556509288664,
      73.0439884657759,
      139.76497761338663,
      165.16483021435772,
      146.7810848397751,
      97.07054544559202,
      40.70179028241149,
      39.50317126669656,
      68.12834188632739,
      77.89300873544468,
      65.93382950068344,
      39.51783252825352,
      12.262958446659553,
      19.192278193125308,
      30.25428101106571,
      30.453442446836977,
      22.794423116696848,
      12.991444438967306
    ],
    "surrogate_cv_history": [],
    "retrain_log": [],
    "elitist_count": 0,
    "gradient_refinements": 105
  }
}