{
  "optimizer": "COO",
  "function": "Ackley_Rotated",
  "config": "optuna_Ackley_Rotated_COO",
  "seed": 3,
  "status": "ok",
  "best_value": 0.021420604031412882,
  "best_pos": [
    0.004974,
    -0.005066
  ],
  "time_sec": 0.0889,
  "conv_hist": [
    -4.594579732398071,
    -3.3436599935304447,
    -3.0545020775474154,
    -0.021420604031412882,
    -0.021420604031412882,
    -0.021420604031412882,
    -0.021420604031412882,
    -0.021420604031412882,
    -0.021420604031412882,
    -0.021420604031412882,
    -0.021420604031412882,
    -0.021420604031412882,
    -0.021420604031412882
  ],
  "error": null,
  "pos_hist": [
    [
      -0.934800836237514,
      -0.3105975130083092
    ],
    [
      -0.35248477284552276,
      -1.0580504935105755
    ],
    [
      0.4102797357281243,
      1.0088323371782562
    ],
    [
      0.0049735475638174945,
      -0.005065593969622625
    ],
    [
      0.0049735475638174945,
      -0.005065593969622625
    ],
    [
      0.0049735475638174945,
      -0.005065593969622625
    ],
    [
      0.0049735475638174945,
      -0.005065593969622625
    ],
    [
      0.0049735475638174945,
      -0.005065593969622625
    ],
    [
      0.0049735475638174945,
      -0.005065593969622625
    ],
    [
      0.0049735475638174945,
      -0.005065593969622625
    ],
    [
      0.0049735475638174945,
      -0.005065593969622625
    ],
    [
      0.0049735475638174945,
      -0.005065593969622625
    ],
    [
      0.0049735475638174945,
      -0.005065593969622625
    ]
  ],
  "diagnostics": {
    "cache_size": 825,
    "exact_evals": 825,
    "surrogate_calls": 0,
    "iterations": 13,
    "time_s": 0.08868718147277832,
    "diversity_history": [
      2.5935832474295495,
      2.1511423545534027,
      1.3392895895540438,
      0.5129159149288525,
      0.654393532284812,
      1.1831181030602989,
      1.396123556134106,
      1.2692573621267975,
      0.9086732365452581,
      0.5170733626109216,
      0.41036660965972627,
      0.5569161401226357,
      0.6398584939426832
    ],
    "surrogate_cv_history": [],
    "retrain_log": [],
    "elitist_count": 0,
    "gradient_refinements": 39
  }
}