{
  "optimizer": "COO",
  "function": "Ackley_Rotated",
  "config": "optuna_Ackley_Rotated_COO",
  "seed": 2,
  "status": "ok",
  "best_value": 0.03531154100209877,
  "best_pos": [
    -0.008926,
    0.006908
  ],
  "time_sec": 0.1224,
  "conv_hist": [
    -3.967707744103443,
    -2.58055815018102,
    -2.58055815018102,
    -0.03531154100209877,
    -0.03531154100209877,
    -0.03531154100209877,
    -0.03531154100209877,
    -0.03531154100209877,
    -0.03531154100209877,
    -0.03531154100209877,
    -0.03531154100209877,
    -0.03531154100209877,
    -0.03531154100209877
  ],
  "error": null,
  "pos_hist": [
    [
      -0.029262012654873715,
      -0.8509416262531282
    ],
    [
      0.8872989867354697,
      -0.3584303007763144
    ],
    [
      0.8872989867354697,
      -0.3584303007763144
    ],
    [
      -0.008925564241548545,
      0.006907832780041489
    ],
    [
      -0.008925564241548545,
      0.006907832780041489
    ],
    [
      -0.008925564241548545,
      0.006907832780041489
    ],
    [
      -0.008925564241548545,
      0.006907832780041489
    ],
    [
      -0.008925564241548545,
      0.006907832780041489
    ],
    [
      -0.008925564241548545,
      0.006907832780041489
    ],
    [
      -0.008925564241548545,
      0.006907832780041489
    ],
    [
      -0.008925564241548545,
      0.006907832780041489
    ],
    [
      -0.008925564241548545,
      0.006907832780041489
    ],
    [
      -0.008925564241548545,
      0.006907832780041489
    ]
  ],
  "diagnostics": {
    "cache_size": 825,
    "exact_evals": 825,
    "surrogate_calls": 0,
    "iterations": 13,
    "time_s": 0.12150931358337402,
    "diversity_history": [
      2.571758867037991,
      2.118657964536369,
      1.310107601060617,
      0.547560727835464,
      0.6640693139358274,
      1.141950313399854,
      1.3285169674711352,
      1.1866108075106312,
      0.8481624348975115,
      0.5085933148766587,
      0.5171985094838624,
      0.6661228330857256,
      0.7323073359777119
    ],
    "surrogate_cv_history": [],
    "retrain_log": [],
    "elitist_count": 0,
    "gradient_refinements": 39
  }
}