{
  "optimizer": "COO",
  "function": "Ackley_Rotated",
  "config": "optuna_Ackley_Rotated_COO",
  "seed": 0,
  "status": "ok",
  "best_value": 0.005995925168417404,
  "best_pos": [
    -0.001787,
    0.001064
  ],
  "time_sec": 0.1516,
  "conv_hist": [
    -3.96968673820809,
    -2.889731935503072,
    -0.10304675445910805,
    -0.10304675445910805,
    -0.10304675445910805,
    -0.10304675445910805,
    -0.005995925168417404,
    -0.005995925168417404,
    -0.005995925168417404,
    -0.005995925168417404,
    -0.005995925168417404,
    -0.005995925168417404,
    -0.005995925168417404,
    -0.005995925168417404,
    -0.005995925168417404,
    -0.005995925168417404
  ],
  "error": null,
  "pos_hist": [
    [
      0.7019677041787968,
      -0.6139848653767963
    ],
    [
      0.8068939045224491,
      -0.25569015323685806
    ],
    [
      -0.016107286036850604,
      0.023770756053629855
    ],
    [
      -0.016107286036850604,
      0.023770756053629855
    ],
    [
      -0.016107286036850604,
      0.023770756053629855
    ],
    [
      -0.016107286036850604,
      0.023770756053629855
    ],
    [
      -0.0017865890954771695,
      0.001063530531813392
    ],
    [
      -0.0017865890954771695,
      0.001063530531813392
    ],
    [
      -0.0017865890954771695,
      0.001063530531813392
    ],
    [
      -0.0017865890954771695,
      0.001063530531813392
    ],
    [
      -0.0017865890954771695,
      0.001063530531813392
    ],
    [
      -0.0017865890954771695,
      0.001063530531813392
    ],
    [
      -0.0017865890954771695,
      0.001063530531813392
    ],
    [
      -0.0017865890954771695,
      0.001063530531813392
    ],
    [
      -0.0017865890954771695,
      0.001063530531813392
    ],
    [
      -0.0017865890954771695,
      0.001063530531813392
    ]
  ],
  "diagnostics": {
    "cache_size": 1005,
    "exact_evals": 1005,
    "surrogate_calls": 0,
    "iterations": 16,
    "time_s": 0.1513357162475586,
    "diversity_history": [
      2.8538845168174913,
      2.4162066000177704,
      1.6356894597656733,
      0.8763831150014603,
      0.7822239152749264,
      1.2539098304407728,
      1.4638826488115333,
      1.3789282584784428,
      1.0529471529441747,
      0.5863014768434266,
      0.4279766794757795,
      0.6541253575604346,
      0.7831351618586988,
      0.7110070387710129,
      0.5452978036473345,
      0.3788824514252164
    ],
    "surrogate_cv_history": [],
    "retrain_log": [],
    "elitist_count": 0,
    "gradient_refinements": 48
  }
}