{
  "optimizer": "COO",
  "function": "Sphere_ShiftedRotated",
  "config": "optuna_Sphere_ShiftedRotated_COO",
  "seed": 5,
  "status": "ok",
  "best_value": 4.674540755895663e-06,
  "best_pos": [
    1.501202,
    -2.001797
  ],
  "time_sec": 0.636,
  "conv_hist": [
    -0.21460662205975717,
    -0.1866234324088033,
    -0.020023460739584942,
    -4.674540755895663e-06,
    -4.674540755895663e-06,
    -4.674540755895663e-06,
    -4.674540755895663e-06,
    -4.674540755895663e-06,
    -4.674540755895663e-06,
    -4.674540755895663e-06,
    -4.674540755895663e-06,
    -4.674540755895663e-06,
    -4.674540755895663e-06
  ],
  "error": null,
  "pos_hist": [
    [
      1.046033142332834,
      -1.9076922852652278
    ],
    [
      1.2873440336500566,
      -1.6239669264751104
    ],
    [
      1.407853145044659,
      -1.8926109043644361
    ],
    [
      1.501201506338353,
      -2.0017974769191267
    ],
    [
      1.501201506338353,
      -2.0017974769191267
    ],
    [
      1.501201506338353,
      -2.0017974769191267
    ],
    [
      1.501201506338353,
      -2.0017974769191267
    ],
    [
      1.501201506338353,
      -2.0017974769191267
    ],
    [
      1.501201506338353,
      -2.0017974769191267
    ],
    [
      1.501201506338353,
      -2.0017974769191267
    ],
    [
      1.501201506338353,
      -2.0017974769191267
    ],
    [
      1.501201506338353,
      -2.0017974769191267
    ],
    [
      1.501201506338353,
      -2.0017974769191267
    ]
  ],
  "diagnostics": {
    "cache_size": 2498,
    "exact_evals": 2498,
    "surrogate_calls": 0,
    "iterations": 13,
    "time_s": 0.635779857635498,
    "diversity_history": [
      2.9102689715389753,
      2.3782835675786727,
      1.5214941030937905,
      0.6599883637937596,
      0.7365558380640272,
      1.299117388446942,
      1.4990192706755945,
      1.3327828658533296,
      0.938673411801896,
      0.5165402450149091,
      0.4866109732450047,
      0.6740018962031087,
      0.7352269586035055
    ],
    "surrogate_cv_history": [],
    "retrain_log": [],
    "elitist_count": 0,
    "gradient_refinements": 130
  }
}