{
  "optimizer": "COO",
  "function": "Sphere_ShiftedRotated",
  "config": "optuna_Sphere_ShiftedRotated_COO",
  "seed": 6,
  "status": "ok",
  "best_value": 8.128308466998009e-06,
  "best_pos": [
    1.49947,
    -1.997199
  ],
  "time_sec": 0.3974,
  "conv_hist": [
    -0.12781846966837693,
    -0.09946206496194773,
    -0.06649517984796804,
    -8.128308466998009e-06,
    -8.128308466998009e-06,
    -8.128308466998009e-06,
    -8.128308466998009e-06,
    -8.128308466998009e-06,
    -8.128308466998009e-06,
    -8.128308466998009e-06,
    -8.128308466998009e-06,
    -8.128308466998009e-06,
    -8.128308466998009e-06
  ],
  "error": null,
  "pos_hist": [
    [
      1.7028969617477232,
      -2.2943659161348675
    ],
    [
      1.2178808269746833,
      -2.140963957001281
    ],
    [
      1.7328611540266492,
      -1.8892260734949549
    ],
    [
      1.4994704367617593,
      -1.9971985947733857
    ],
    [
      1.4994704367617593,
      -1.9971985947733857
    ],
    [
      1.4994704367617593,
      -1.9971985947733857
    ],
    [
      1.4994704367617593,
      -1.9971985947733857
    ],
    [
      1.4994704367617593,
      -1.9971985947733857
    ],
    [
      1.4994704367617593,
      -1.9971985947733857
    ],
    [
      1.4994704367617593,
      -1.9971985947733857
    ],
    [
      1.4994704367617593,
      -1.9971985947733857
    ],
    [
      1.4994704367617593,
      -1.9971985947733857
    ],
    [
      1.4994704367617593,
      -1.9971985947733857
    ]
  ],
  "diagnostics": {
    "cache_size": 2498,
    "exact_evals": 2498,
    "surrogate_calls": 0,
    "iterations": 13,
    "time_s": 0.3971998691558838,
    "diversity_history": [
      2.885666716183379,
      2.380627796068361,
      1.5519327537147476,
      0.6581835436462589,
      0.7030592196341754,
      1.2513982375788024,
      1.4258957500546878,
      1.2834884842028937,
      0.9286446879346688,
      0.5266234676106689,
      0.44921829348041886,
      0.6231417130410929,
      0.6720879250774577
    ],
    "surrogate_cv_history": [],
    "retrain_log": [],
    "elitist_count": 0,
    "gradient_refinements": 130
  }
}