{
  "optimizer": "COO",
  "function": "Sphere_ShiftedRotated",
  "config": "optuna_Sphere_ShiftedRotated_COO",
  "seed": 4,
  "status": "ok",
  "best_value": 8.388592205946514e-07,
  "best_pos": [
    1.500856,
    -1.999675
  ],
  "time_sec": 0.6886,
  "conv_hist": [
    -0.04782913968465996,
    -0.04782913968465996,
    -0.04782913968465996,
    -1.6929319319254477e-06,
    -1.6929319319254477e-06,
    -1.6929319319254477e-06,
    -1.6929319319254477e-06,
    -1.6929319319254477e-06,
    -1.6929319319254477e-06,
    -8.388592205946514e-07,
    -8.388592205946514e-07,
    -8.388592205946514e-07,
    -8.388592205946514e-07
  ],
  "error": null,
  "pos_hist": [
    [
      1.3169224512497957,
      -2.1196317300229186
    ],
    [
      1.3169224512497957,
      -2.1196317300229186
    ],
    [
      1.3169224512497957,
      -2.1196317300229186
    ],
    [
      1.499719804894984,
      -1.9987294006787935
    ],
    [
      1.499719804894984,
      -1.9987294006787935
    ],
    [
      1.499719804894984,
      -1.9987294006787935
    ],
    [
      1.499719804894984,
      -1.9987294006787935
    ],
    [
      1.499719804894984,
      -1.9987294006787935
    ],
    [
      1.499719804894984,
      -1.9987294006787935
    ],
    [
      1.5008562512097454,
      -1.9996748952685608
    ],
    [
      1.5008562512097454,
      -1.9996748952685608
    ],
    [
      1.5008562512097454,
      -1.9996748952685608
    ],
    [
      1.5008562512097454,
      -1.9996748952685608
    ]
  ],
  "diagnostics": {
    "cache_size": 2498,
    "exact_evals": 2498,
    "surrogate_calls": 0,
    "iterations": 13,
    "time_s": 0.67293381690979,
    "diversity_history": [
      2.933135729552488,
      2.4310450760528948,
      1.58012056901952,
      0.6797138472285453,
      0.6922297062542413,
      1.2194407349635532,
      1.42374535337005,
      1.3086287629599003,
      0.931044446035795,
      0.5136128793981172,
      0.4131201299157694,
      0.5962601423026586,
      0.6839170253102758
    ],
    "surrogate_cv_history": [],
    "retrain_log": [],
    "elitist_count": 0,
    "gradient_refinements": 130
  }
}