{
  "optimizer": "COO",
  "function": "Sphere_ShiftedRotated",
  "config": "optuna_Sphere_ShiftedRotated_COO",
  "seed": 1,
  "status": "ok",
  "best_value": 2.6576663053664866e-08,
  "best_pos": [
    1.499942,
    -1.999848
  ],
  "time_sec": 0.8204,
  "conv_hist": [
    -0.16005416251545043,
    -0.16005416251545043,
    -0.06188953529350915,
    -0.006212298551231801,
    -3.915348905680554e-06,
    -3.915348905680554e-06,
    -3.915348905680554e-06,
    -3.915348905680554e-06,
    -3.915348905680554e-06,
    -3.915348905680554e-06,
    -3.915348905680554e-06,
    -1.6835502041876763e-06,
    -1.6835502041876763e-06,
    -1.6835502041876763e-06,
    -1.6835502041876763e-06,
    -1.6835502041876763e-06,
    -1.6835502041876763e-06,
    -1.6835502041876763e-06,
    -1.6835502041876763e-06,
    -2.6576663053664866e-08,
    -2.6576663053664866e-08
  ],
  "error": null,
  "pos_hist": [
    [
      1.6923289345318455,
      -2.350804423371906
    ],
    [
      1.6923289345318455,
      -2.350804423371906
    ],
    [
      1.5883766388124816,
      -2.2325491453558093
    ],
    [
      1.450808232142953,
      -1.9384169785871934
    ],
    [
      1.4985117640936705,
      -1.9986959667209798
    ],
    [
      1.4985117640936705,
      -1.9986959667209798
    ],
    [
      1.4985117640936705,
      -1.9986959667209798
    ],
    [
      1.4985117640936705,
      -1.9986959667209798
    ],
    [
      1.4985117640936705,
      -1.9986959667209798
    ],
    [
      1.4985117640936705,
      -1.9986959667209798
    ],
    [
      1.4985117640936705,
      -1.9986959667209798
    ],
    [
      1.5004865698193586,
      -2.0012028300025677
    ],
    [
      1.5004865698193586,
      -2.0012028300025677
    ],
    [
      1.5004865698193586,
      -2.0012028300025677
    ],
    [
      1.5004865698193586,
      -2.0012028300025677
    ],
    [
      1.5004865698193586,
      -2.0012028300025677
    ],
    [
      1.5004865698193586,
      -2.0012028300025677
    ],
    [
      1.5004865698193586,
      -2.0012028300025677
    ],
    [
      1.5004865698193586,
      -2.0012028300025677
    ],
    [
      1.499942125857333,
      -1.9998475951225707
    ],
    [
      1.499942125857333,
      -1.9998475951225707
    ]
  ],
  "diagnostics": {
    "cache_size": 3914,
    "exact_evals": 3914,
    "surrogate_calls": 0,
    "iterations": 21,
    "time_s": 0.8201780319213867,
    "diversity_history": [
      2.9986747312355106,
      2.4952684957552362,
      1.6027127479610854,
      0.685994509899635,
      0.712855206486203,
      1.2587941100739906,
      1.4678467230267818,
      1.3685174590340896,
      1.013958317370254,
      0.5654185266914389,
      0.42959469083078095,
      0.6092738071219969,
      0.728062202368152,
      0.6461585153907536,
      0.4749400086979772,
      0.3510437707267745,
      0.3468569135816473,
      0.3888421266392951,
      0.4069253191057056,
      0.3508791765781464,
      0.2822650578468247
    ],
    "surrogate_cv_history": [],
    "retrain_log": [],
    "elitist_count": 0,
    "gradient_refinements": 201
  }
}