{
  "optimizer": "COO",
  "function": "Sphere_ShiftedRotated",
  "config": "optuna_Sphere_ShiftedRotated_COO",
  "seed": 2,
  "status": "ok",
  "best_value": 8.568813960902713e-07,
  "best_pos": [
    1.500522,
    -1.999235
  ],
  "time_sec": 0.6038,
  "conv_hist": [
    -0.04234976664556192,
    -0.01978848003857391,
    -0.000165985814104689,
    -0.000165985814104689,
    -0.000165985814104689,
    -0.000165985814104689,
    -0.000165985814104689,
    -0.000165985814104689,
    -1.3808877700517028e-06,
    -1.3808877700517028e-06,
    -1.3808877700517028e-06,
    -1.3808877700517028e-06,
    -8.568813960902713e-07,
    -8.568813960902713e-07,
    -8.568813960902713e-07,
    -8.568813960902713e-07,
    -8.568813960902713e-07,
    -8.568813960902713e-07
  ],
  "error": null,
  "pos_hist": [
    [
      1.6196779043970766,
      -2.167412561788792
    ],
    [
      1.441929570479883,
      -2.1281261302542265
    ],
    [
      1.509717578119392,
      -1.9915410113135077
    ],
    [
      1.509717578119392,
      -1.9915410113135077
    ],
    [
      1.509717578119392,
      -1.9915410113135077
    ],
    [
      1.509717578119392,
      -1.9915410113135077
    ],
    [
      1.509717578119392,
      -1.9915410113135077
    ],
    [
      1.509717578119392,
      -1.9915410113135077
    ],
    [
      1.499799035556961,
      -2.0011578000961676
    ],
    [
      1.499799035556961,
      -2.0011578000961676
    ],
    [
      1.499799035556961,
      -2.0011578000961676
    ],
    [
      1.499799035556961,
      -2.0011578000961676
    ],
    [
      1.5005216507257695,
      -1.9992353027289218
    ],
    [
      1.5005216507257695,
      -1.9992353027289218
    ],
    [
      1.5005216507257695,
      -1.9992353027289218
    ],
    [
      1.5005216507257695,
      -1.9992353027289218
    ],
    [
      1.5005216507257695,
      -1.9992353027289218
    ],
    [
      1.5005216507257695,
      -1.9992353027289218
    ]
  ],
  "diagnostics": {
    "cache_size": 3383,
    "exact_evals": 3383,
    "surrogate_calls": 0,
    "iterations": 18,
    "time_s": 0.6035263538360596,
    "diversity_history": [
      2.761797122383088,
      2.284064462804642,
      1.4582660185328002,
      0.5840607836213161,
      0.6635571591006879,
      1.189325423081765,
      1.355350680521885,
      1.2458714331848468,
      0.8884390757663556,
      0.5100423702950886,
      0.4559487110182615,
      0.6307893869432415,
      0.6704220996408428,
      0.6105893445054966,
      0.4621766516070514,
      0.35077224715935895,
      0.35080470414527726,
      0.38707485294464467
    ],
    "surrogate_cv_history": [],
    "retrain_log": [],
    "elitist_count": 0,
    "gradient_refinements": 175
  }
}