{
  "optimizer": "COO",
  "function": "Sphere_ShiftedRotated",
  "config": "optuna_Sphere_ShiftedRotated_COO",
  "seed": 7,
  "status": "ok",
  "best_value": 4.613698425718713e-05,
  "best_pos": [
    1.506792,
    -1.999949
  ],
  "time_sec": 0.4288,
  "conv_hist": [
    -0.21620927791425068,
    -0.11004003238656718,
    -0.0014157984249713838,
    -0.0014157984249713838,
    -4.613698425718713e-05,
    -4.613698425718713e-05,
    -4.613698425718713e-05,
    -4.613698425718713e-05,
    -4.613698425718713e-05,
    -4.613698425718713e-05,
    -4.613698425718713e-05,
    -4.613698425718713e-05,
    -4.613698425718713e-05,
    -4.613698425718713e-05
  ],
  "error": null,
  "pos_hist": [
    [
      1.2885140306464704,
      -2.414105014073542
    ],
    [
      1.4327594466167946,
      -2.324836482506641
    ],
    [
      1.465369406041983,
      -2.014714631734649
    ],
    [
      1.465369406041983,
      -2.014714631734649
    ],
    [
      1.5067922297675869,
      -1.9999490192046554
    ],
    [
      1.5067922297675869,
      -1.9999490192046554
    ],
    [
      1.5067922297675869,
      -1.9999490192046554
    ],
    [
      1.5067922297675869,
      -1.9999490192046554
    ],
    [
      1.5067922297675869,
      -1.9999490192046554
    ],
    [
      1.5067922297675869,
      -1.9999490192046554
    ],
    [
      1.5067922297675869,
      -1.9999490192046554
    ],
    [
      1.5067922297675869,
      -1.9999490192046554
    ],
    [
      1.5067922297675869,
      -1.9999490192046554
    ],
    [
      1.5067922297675869,
      -1.9999490192046554
    ]
  ],
  "diagnostics": {
    "cache_size": 2675,
    "exact_evals": 2675,
    "surrogate_calls": 0,
    "iterations": 14,
    "time_s": 0.42852163314819336,
    "diversity_history": [
      2.8523754357170454,
      2.3200953687299015,
      1.4438001352446697,
      0.5667228020720914,
      0.7403106212027557,
      1.238697736474933,
      1.4246989552093496,
      1.3173794566382613,
      0.9674848131499186,
      0.5959057873853437,
      0.4802217709030768,
      0.6547695586951802,
      0.71823515188954,
      0.6522058923341256
    ],
    "surrogate_cv_history": [],
    "retrain_log": [],
    "elitist_count": 0,
    "gradient_refinements": 138
  }
}