{
  "optimizer": "COO",
  "function": "Sphere_ShiftedRotated",
  "config": "optuna_Sphere_ShiftedRotated_COO",
  "seed": 3,
  "status": "ok",
  "best_value": 3.4233608203161977e-06,
  "best_pos": [
    1.501489,
    -1.998901
  ],
  "time_sec": 0.8661,
  "conv_hist": [
    -0.04635296623539012,
    -0.04635296623539012,
    -0.04635296623539012,
    -0.0008108830266477185,
    -0.0008108830266477185,
    -0.0008108830266477185,
    -0.0008108830266477185,
    -0.0008108830266477185,
    -0.0005876865437459898,
    -0.0005876865437459898,
    -3.4233608203161977e-06,
    -3.4233608203161977e-06,
    -3.4233608203161977e-06,
    -3.4233608203161977e-06,
    -3.4233608203161977e-06,
    -3.4233608203161977e-06,
    -3.4233608203161977e-06,
    -3.4233608203161977e-06,
    -3.4233608203161977e-06,
    -3.4233608203161977e-06
  ],
  "error": null,
  "pos_hist": [
    [
      1.4914404761476074,
      -2.215127173520247
    ],
    [
      1.4914404761476074,
      -2.215127173520247
    ],
    [
      1.4914404761476074,
      -2.215127173520247
    ],
    [
      1.4759902125482902,
      -1.9846894437340952
    ],
    [
      1.4759902125482902,
      -1.9846894437340952
    ],
    [
      1.4759902125482902,
      -1.9846894437340952
    ],
    [
      1.4759902125482902,
      -1.9846894437340952
    ],
    [
      1.4759902125482902,
      -1.9846894437340952
    ],
    [
      1.5116998157706136,
      -2.0212320713704455
    ],
    [
      1.5116998157706136,
      -2.0212320713704455
    ],
    [
      1.5014887001483659,
      -1.9989013040964072
    ],
    [
      1.5014887001483659,
      -1.9989013040964072
    ],
    [
      1.5014887001483659,
      -1.9989013040964072
    ],
    [
      1.5014887001483659,
      -1.9989013040964072
    ],
    [
      1.5014887001483659,
      -1.9989013040964072
    ],
    [
      1.5014887001483659,
      -1.9989013040964072
    ],
    [
      1.5014887001483659,
      -1.9989013040964072
    ],
    [
      1.5014887001483659,
      -1.9989013040964072
    ],
    [
      1.5014887001483659,
      -1.9989013040964072
    ],
    [
      1.5014887001483659,
      -1.9989013040964072
    ]
  ],
  "diagnostics": {
    "cache_size": 3737,
    "exact_evals": 3737,
    "surrogate_calls": 0,
    "iterations": 20,
    "time_s": 0.8459048271179199,
    "diversity_history": [
      2.8205710205906334,
      2.3133218540290943,
      1.4985842782969465,
      0.622755624119308,
      0.6965639838309433,
      1.2463148350526823,
      1.4280201422007748,
      1.265441524649217,
      0.8841101820846451,
      0.5093113751391601,
      0.44036896474131165,
      0.6171955148998298,
      0.6729106199499206,
      0.6044552887051886,
      0.414887715805088,
      0.32674282092198026,
      0.3319967471053511,
      0.34980664321753174,
      0.35696916388804256,
      0.29517517975252494
    ],
    "surrogate_cv_history": [],
    "retrain_log": [],
    "elitist_count": 0,
    "gradient_refinements": 192
  }
}