{
  "optimizer": "COO",
  "function": "Rosenbrock_Shifted",
  "config": "optuna_Rosenbrock_Shifted_COO",
  "seed": 3,
  "status": "ok",
  "best_value": 4.961274664128443e-05,
  "best_pos": [
    0.004103,
    2.508795
  ],
  "time_sec": 0.1429,
  "conv_hist": [
    -0.5371737717499433,
    -0.022336651220733018,
    -0.022336651220733018,
    -0.022336651220733018,
    -0.022336651220733018,
    -0.017451326534368906,
    -0.017451326534368906,
    -0.017451326534368906,
    -0.017451326534368906,
    -0.017451326534368906,
    -0.017451326534368906,
    -0.017451326534368906,
    -4.961274664128443e-05,
    -4.961274664128443e-05,
    -4.961274664128443e-05,
    -4.961274664128443e-05,
    -4.961274664128443e-05,
    -4.961274664128443e-05,
    -4.961274664128443e-05,
    -4.961274664128443e-05,
    -4.961274664128443e-05,
    -4.961274664128443e-05
  ],
  "error": null,
  "pos_hist": [
    [
      -0.6319993792553587,
      1.6725392189410702
    ],
    [
      -0.034636815352143135,
      2.4173875287436695
    ],
    [
      -0.034636815352143135,
      2.4173875287436695
    ],
    [
      -0.034636815352143135,
      2.4173875287436695
    ],
    [
      -0.034636815352143135,
      2.4173875287436695
    ],
    [
      -0.09347108866161408,
      2.331129806147982
    ],
    [
      -0.09347108866161408,
      2.331129806147982
    ],
    [
      -0.09347108866161408,
      2.331129806147982
    ],
    [
      -0.09347108866161408,
      2.331129806147982
    ],
    [
      -0.09347108866161408,
      2.331129806147982
    ],
    [
      -0.09347108866161408,
      2.331129806147982
    ],
    [
      -0.09347108866161408,
      2.331129806147982
    ],
    [
      0.004103009942578784,
      2.508795375807251
    ],
    [
      0.004103009942578784,
      2.508795375807251
    ],
    [
      0.004103009942578784,
      2.508795375807251
    ],
    [
      0.004103009942578784,
      2.508795375807251
    ],
    [
      0.004103009942578784,
      2.508795375807251
    ],
    [
      0.004103009942578784,
      2.508795375807251
    ],
    [
      0.004103009942578784,
      2.508795375807251
    ],
    [
      0.004103009942578784,
      2.508795375807251
    ],
    [
      0.004103009942578784,
      2.508795375807251
    ],
    [
      0.004103009942578784,
      2.508795375807251
    ]
  ],
  "diagnostics": {
    "cache_size": 2470,
    "exact_evals": 2470,
    "surrogate_calls": 0,
    "iterations": 22,
    "time_s": 0.14269495010375977,
    "diversity_history": [
      1.2447451095206703,
      1.0575992191704786,
      0.6993903148752969,
      0.4546791312355872,
      0.46763484859292975,
      0.5796337482086742,
      0.6252556491260532,
      0.5940190330541596,
      0.5200535279228685,
      0.47836992139032664,
      0.5352592190781844,
      0.5596230677987131,
      0.5638709567233195,
      0.4961669593572764,
      0.41009865345838126,
      0.32476563737863184,
      0.28002642319848914,
      0.27894805120893784,
      0.2607156468632217,
      0.2452672313519563,
      0.2665102470658201,
      0.2609573711863808
    ],
    "surrogate_cv_history": [],
    "retrain_log": [],
    "elitist_count": 0,
    "gradient_refinements": 87
  }
}