{
  "optimizer": "COO",
  "function": "Rosenbrock_Shifted",
  "config": "optuna_Rosenbrock_Shifted_COO",
  "seed": 1,
  "status": "ok",
  "best_value": 0.007719085548235662,
  "best_pos": [
    -0.071394,
    2.357189
  ],
  "time_sec": 0.1522,
  "conv_hist": [
    -0.3237990299689835,
    -0.21815747412498615,
    -0.21815747412498615,
    -0.07282593272451965,
    -0.056890992939455466,
    -0.04166101394426288,
    -0.04166101394426288,
    -0.007719085548235662,
    -0.007719085548235662,
    -0.007719085548235662,
    -0.007719085548235662,
    -0.007719085548235662,
    -0.007719085548235662,
    -0.007719085548235662,
    -0.007719085548235662,
    -0.007719085548235662,
    -0.007719085548235662
  ],
  "error": null,
  "pos_hist": [
    [
      -0.4148899764871299,
      1.8812979737686324
    ],
    [
      0.24097189764772184,
      3.0
    ],
    [
      0.24097189764772184,
      3.0
    ],
    [
      0.042440340949838715,
      2.61333233351327
    ],
    [
      -0.19687208365460052,
      2.1584801009878944
    ],
    [
      0.2023164014760277,
      2.948264891546079
    ],
    [
      0.2023164014760277,
      2.948264891546079
    ],
    [
      -0.07139355877008541,
      2.357189331600485
    ],
    [
      -0.07139355877008541,
      2.357189331600485
    ],
    [
      -0.07139355877008541,
      2.357189331600485
    ],
    [
      -0.07139355877008541,
      2.357189331600485
    ],
    [
      -0.07139355877008541,
      2.357189331600485
    ],
    [
      -0.07139355877008541,
      2.357189331600485
    ],
    [
      -0.07139355877008541,
      2.357189331600485
    ],
    [
      -0.07139355877008541,
      2.357189331600485
    ],
    [
      -0.07139355877008541,
      2.357189331600485
    ],
    [
      -0.07139355877008541,
      2.357189331600485
    ]
  ],
  "diagnostics": {
    "cache_size": 1944,
    "exact_evals": 1944,
    "surrogate_calls": 0,
    "iterations": 17,
    "time_s": 0.15204739570617676,
    "diversity_history": [
      1.3869569180338377,
      1.1822096756236113,
      0.8170137401153834,
      0.5417561531576167,
      0.5876543257488365,
      0.7305254461666049,
      0.7955663700795801,
      0.7717100172692517,
      0.7057929496602944,
      0.6195036785935213,
      0.5984566227021719,
      0.5570218601910975,
      0.502886656943277,
      0.4628579069332849,
      0.41916144109109865,
      0.3822757890667664,
      0.38028397373348927
    ],
    "surrogate_cv_history": [],
    "retrain_log": [],
    "elitist_count": 0,
    "gradient_refinements": 85
  }
}