{
  "optimizer": "COO",
  "function": "Rosenbrock_Shifted",
  "config": "optuna_Rosenbrock_Shifted_COO",
  "seed": 9,
  "status": "ok",
  "best_value": 0.002240287919594541,
  "best_pos": [
    -0.041161,
    2.421709
  ],
  "time_sec": 0.1258,
  "conv_hist": [
    -0.37241642455326324,
    -0.09565083019967466,
    -0.09565083019967466,
    -0.0051568588047182515,
    -0.0051568588047182515,
    -0.0051568588047182515,
    -0.0051568588047182515,
    -0.0051568588047182515,
    -0.0051568588047182515,
    -0.0051568588047182515,
    -0.002240287919594541,
    -0.002240287919594541,
    -0.002240287919594541,
    -0.002240287919594541,
    -0.002240287919594541,
    -0.002240287919594541,
    -0.002240287919594541,
    -0.002240287919594541,
    -0.002240287919594541,
    -0.002240287919594541
  ],
  "error": null,
  "pos_hist": [
    [
      0.10542355729898656,
      2.782069667904963
    ],
    [
      -0.26057371479716557,
      2.030092248880039
    ],
    [
      -0.26057371479716557,
      2.030092248880039
    ],
    [
      -0.05484320101058172,
      2.3886855553226365
    ],
    [
      -0.05484320101058172,
      2.3886855553226365
    ],
    [
      -0.05484320101058172,
      2.3886855553226365
    ],
    [
      -0.05484320101058172,
      2.3886855553226365
    ],
    [
      -0.05484320101058172,
      2.3886855553226365
    ],
    [
      -0.05484320101058172,
      2.3886855553226365
    ],
    [
      -0.05484320101058172,
      2.3886855553226365
    ],
    [
      -0.04116114201903561,
      2.421708723229107
    ],
    [
      -0.04116114201903561,
      2.421708723229107
    ],
    [
      -0.04116114201903561,
      2.421708723229107
    ],
    [
      -0.04116114201903561,
      2.421708723229107
    ],
    [
      -0.04116114201903561,
      2.421708723229107
    ],
    [
      -0.04116114201903561,
      2.421708723229107
    ],
    [
      -0.04116114201903561,
      2.421708723229107
    ],
    [
      -0.04116114201903561,
      2.421708723229107
    ],
    [
      -0.04116114201903561,
      2.421708723229107
    ],
    [
      -0.04116114201903561,
      2.421708723229107
    ]
  ],
  "diagnostics": {
    "cache_size": 2260,
    "exact_evals": 2260,
    "surrogate_calls": 0,
    "iterations": 20,
    "time_s": 0.12557625770568848,
    "diversity_history": [
      1.2457398580237318,
      1.0740810714629065,
      0.7652215282212596,
      0.48271385999015504,
      0.4921277132066651,
      0.5845716619954064,
      0.6466500790541039,
      0.6276325058922798,
      0.5278149928123402,
      0.4398403194116367,
      0.42302802995146416,
      0.4205380817742862,
      0.41922475825812294,
      0.42161099026173016,
      0.4032623010699209,
      0.37133019331145944,
      0.37757108586147486,
      0.3778469478107137,
      0.3398914021699986,
      0.2994008846078706
    ],
    "surrogate_cv_history": [],
    "retrain_log": [],
    "elitist_count": 0,
    "gradient_refinements": 71
  }
}