{
  "optimizer": "COO",
  "function": "Griewank_Rotated",
  "config": "optuna_Griewank_Rotated_COO",
  "seed": 5,
  "status": "ok",
  "best_value": 0.1071599655772042,
  "best_pos": [
    -3.303009,
    5.024978
  ],
  "time_sec": 0.3868,
  "conv_hist": [
    -1.3860434040594163,
    -1.3860434040594163,
    -1.3860434040594163,
    -0.7862494437776145,
    -0.23520414443732107,
    -0.2151461944691514,
    -0.2151461944691514,
    -0.2151461944691514,
    -0.2151461944691514,
    -0.1071599655772042,
    -0.1071599655772042,
    -0.1071599655772042,
    -0.1071599655772042,
    -0.1071599655772042,
    -0.1071599655772042,
    -0.1071599655772042,
    -0.1071599655772042,
    -0.1071599655772042,
    -0.1071599655772042
  ],
  "error": null,
  "pos_hist": [
    [
      17.685560400814893,
      -64.07060649322409
    ],
    [
      17.685560400814893,
      -64.07060649322409
    ],
    [
      17.685560400814893,
      -64.07060649322409
    ],
    [
      0.6104753786453522,
      20.582861242358668
    ],
    [
      1.0813343424767563,
      -20.25577224497552
    ],
    [
      9.166866915109688,
      23.60845244971544
    ],
    [
      9.166866915109688,
      23.60845244971544
    ],
    [
      9.166866915109688,
      23.60845244971544
    ],
    [
      9.166866915109688,
      23.60845244971544
    ],
    [
      -3.303009311379152,
      5.024977721899866
    ],
    [
      -3.303009311379152,
      5.024977721899866
    ],
    [
      -3.303009311379152,
      5.024977721899866
    ],
    [
      -3.303009311379152,
      5.024977721899866
    ],
    [
      -3.303009311379152,
      5.024977721899866
    ],
    [
      -3.303009311379152,
      5.024977721899866
    ],
    [
      -3.303009311379152,
      5.024977721899866
    ],
    [
      -3.303009311379152,
      5.024977721899866
    ],
    [
      -3.303009311379152,
      5.024977721899866
    ],
    [
      -3.303009311379152,
      5.024977721899866
    ]
  ],
  "diagnostics": {
    "cache_size": 1855,
    "exact_evals": 1855,
    "surrogate_calls": 0,
    "iterations": 19,
    "time_s": 0.3865036964416504,
    "diversity_history": [
      366.5501025434826,
      301.0320486964399,
      191.64110479186508,
      72.77302221574871,
      76.51539456475908,
      148.2484669690079,
      178.56218456490663,
      162.90561732693237,
      113.10042163492403,
      50.18400802843524,
      34.72322412950548,
      68.62362956282527,
      81.5025366116025,
      70.64895265645782,
      43.86109416891571,
      15.849875699235676,
      20.630291451881906,
      34.37531726070271,
      34.734960538838905
    ],
    "surrogate_cv_history": [],
    "retrain_log": [],
    "elitist_count": 0,
    "gradient_refinements": 95
  }
}