{
  "optimizer": "COO",
  "function": "Griewank_Rotated",
  "config": "optuna_Griewank_Rotated_COO",
  "seed": 0,
  "status": "ok",
  "best_value": 0.030552195085287837,
  "best_pos": [
    10.57694,
    2.525956
  ],
  "time_sec": 0.9657,
  "conv_hist": [
    -2.436225783650543,
    -2.0179896256423433,
    -1.6693332219633321,
    -0.5130132076412777,
    -0.39358360012867744,
    -0.19782814052816222,
    -0.19782814052816222,
    -0.19782814052816222,
    -0.19782814052816222,
    -0.19782814052816222,
    -0.1551296800699512,
    -0.030552195085287837,
    -0.030552195085287837,
    -0.030552195085287837,
    -0.030552195085287837,
    -0.030552195085287837,
    -0.030552195085287837,
    -0.030552195085287837,
    -0.030552195085287837,
    -0.030552195085287837,
    -0.030552195085287837
  ],
  "error": null,
  "pos_hist": [
    [
      -52.6196013401418,
      82.12073864237823
    ],
    [
      6.654513011616417,
      -62.1386173566153
    ],
    [
      -37.11560594299018,
      50.334504746803034
    ],
    [
      12.074949277477076,
      -29.433404208585433
    ],
    [
      -21.57404326093714,
      -4.135033767100433
    ],
    [
      2.0381865157976637,
      6.487934517665468
    ],
    [
      2.0381865157976637,
      6.487934517665468
    ],
    [
      2.0381865157976637,
      6.487934517665468
    ],
    [
      2.0381865157976637,
      6.487934517665468
    ],
    [
      2.0381865157976637,
      6.487934517665468
    ],
    [
      -0.1251105346893233,
      -10.208333737836247
    ],
    [
      10.576940295232193,
      2.5259564310208895
    ],
    [
      10.576940295232193,
      2.5259564310208895
    ],
    [
      10.576940295232193,
      2.5259564310208895
    ],
    [
      10.576940295232193,
      2.5259564310208895
    ],
    [
      10.576940295232193,
      2.5259564310208895
    ],
    [
      10.576940295232193,
      2.5259564310208895
    ],
    [
      10.576940295232193,
      2.5259564310208895
    ],
    [
      10.576940295232193,
      2.5259564310208895
    ],
    [
      10.576940295232193,
      2.5259564310208895
    ],
    [
      10.576940295232193,
      2.5259564310208895
    ]
  ],
  "diagnostics": {
    "cache_size": 2043,
    "exact_evals": 2043,
    "surrogate_calls": 0,
    "iterations": 21,
    "time_s": 0.9654421806335449,
    "diversity_history": [
      331.78293922558134,
      274.06696454698806,
      174.25321929417254,
      67.00894392845277,
      69.21198817392181,
      132.50806756907264,
      159.74691736886498,
      147.1848929007336,
      104.005095183417,
      50.49850328786758,
      35.95077194249248,
      64.75945299171167,
      75.2611814321204,
      66.46972750011483,
      43.42715799051849,
      19.5581105333502,
      21.16724564046862,
      29.632007904926162,
      30.249142181745505,
      23.563032986947896,
      14.646599878392088
    ],
    "surrogate_cv_history": [],
    "retrain_log": [],
    "elitist_count": 0,
    "gradient_refinements": 105
  }
}