{
  "optimizer": "COO",
  "function": "Sphere_Rotated",
  "config": "optuna_Sphere_Rotated_COO",
  "seed": 3,
  "status": "ok",
  "best_value": 0.002668755276193999,
  "best_pos": [
    -0.001185,
    -0.051646
  ],
  "time_sec": 0.3127,
  "conv_hist": [
    -0.22221176064838644,
    -0.22221176064838644,
    -0.041051990174659034,
    -0.010161034191463126,
    -0.010161034191463126,
    -0.010161034191463126,
    -0.004432719676690743,
    -0.002668755276193999,
    -0.002668755276193999,
    -0.002668755276193999,
    -0.002668755276193999,
    -0.002668755276193999,
    -0.002668755276193999,
    -0.002668755276193999,
    -0.002668755276193999,
    -0.002668755276193999,
    -0.002668755276193999
  ],
  "error": null,
  "pos_hist": [
    [
      -0.14905773945911882,
      -0.4472063851911372
    ],
    [
      -0.14905773945911882,
      -0.4472063851911372
    ],
    [
      -0.006828210903466389,
      -0.2024978165574059
    ],
    [
      -0.08840088171002503,
      0.04843880989819305
    ],
    [
      -0.08840088171002503,
      0.04843880989819305
    ],
    [
      -0.08840088171002503,
      0.04843880989819305
    ],
    [
      0.05778024900002401,
      -0.033078127247260655
    ],
    [
      -0.0011854243716821022,
      -0.051646394310280945
    ],
    [
      -0.0011854243716821022,
      -0.051646394310280945
    ],
    [
      -0.0011854243716821022,
      -0.051646394310280945
    ],
    [
      -0.0011854243716821022,
      -0.051646394310280945
    ],
    [
      -0.0011854243716821022,
      -0.051646394310280945
    ],
    [
      -0.0011854243716821022,
      -0.051646394310280945
    ],
    [
      -0.0011854243716821022,
      -0.051646394310280945
    ],
    [
      -0.0011854243716821022,
      -0.051646394310280945
    ],
    [
      -0.0011854243716821022,
      -0.051646394310280945
    ],
    [
      -0.0011854243716821022,
      -0.051646394310280945
    ]
  ],
  "diagnostics": {
    "cache_size": 1420,
    "exact_evals": 1420,
    "surrogate_calls": 0,
    "iterations": 17,
    "time_s": 0.3125123977661133,
    "diversity_history": [
      2.674354212619609,
      2.1751666681987993,
      1.3992267510523997,
      0.5758333852344069,
      0.7566838860332767,
      1.2894190067476083,
      1.4935522551780949,
      1.3107582122952584,
      0.9527957080091551,
      0.5355986840062655,
      0.4221644945929146,
      0.6437210674966993,
      0.7525820092937867,
      0.6892206875537151,
      0.5306385663834833,
      0.35589707924979513,
      0.34221904147499754
    ],
    "surrogate_cv_history": [],
    "retrain_log": [],
    "elitist_count": 0,
    "gradient_refinements": 68
  }
}