{
  "optimizer": "COO",
  "function": "Sphere_Rotated",
  "config": "optuna_Sphere_Rotated_COO",
  "seed": 9,
  "status": "ok",
  "best_value": 1.0501202370099373e-06,
  "best_pos": [
    -0.000717,
    0.000733
  ],
  "time_sec": 0.2706,
  "conv_hist": [
    -0.46382422010906293,
    -0.26945968334223924,
    -0.017554783821931576,
    -0.014432237401598455,
    -1.0501202370099373e-06,
    -1.0501202370099373e-06,
    -1.0501202370099373e-06,
    -1.0501202370099373e-06,
    -1.0501202370099373e-06,
    -1.0501202370099373e-06,
    -1.0501202370099373e-06,
    -1.0501202370099373e-06,
    -1.0501202370099373e-06,
    -1.0501202370099373e-06
  ],
  "error": null,
  "pos_hist": [
    [
      -0.2202598646165308,
      -0.6444453523365423
    ],
    [
      0.45355977686646376,
      -0.2524741811573666
    ],
    [
      -0.11542330266969344,
      -0.06505570707287636
    ],
    [
      -0.11569021898476642,
      0.03237299233705836
    ],
    [
      -0.00071655642406716,
      0.0007325756808262349
    ],
    [
      -0.00071655642406716,
      0.0007325756808262349
    ],
    [
      -0.00071655642406716,
      0.0007325756808262349
    ],
    [
      -0.00071655642406716,
      0.0007325756808262349
    ],
    [
      -0.00071655642406716,
      0.0007325756808262349
    ],
    [
      -0.00071655642406716,
      0.0007325756808262349
    ],
    [
      -0.00071655642406716,
      0.0007325756808262349
    ],
    [
      -0.00071655642406716,
      0.0007325756808262349
    ],
    [
      -0.00071655642406716,
      0.0007325756808262349
    ],
    [
      -0.00071655642406716,
      0.0007325756808262349
    ]
  ],
  "diagnostics": {
    "cache_size": 1180,
    "exact_evals": 1180,
    "surrogate_calls": 0,
    "iterations": 14,
    "time_s": 0.2703683376312256,
    "diversity_history": [
      2.7889784116059797,
      2.299169701559256,
      1.5174655708116447,
      0.7210836394894458,
      0.868257331363262,
      1.3245555575271053,
      1.5494711870405111,
      1.4687144659868663,
      1.0949434952600299,
      0.720781542293191,
      0.6689092487417438,
      0.7987020018559075,
      0.8125505865245946,
      0.7381562724475541
    ],
    "surrogate_cv_history": [],
    "retrain_log": [],
    "elitist_count": 0,
    "gradient_refinements": 54
  }
}