{
  "optimizer": "COO",
  "function": "Schwefel_Shifted",
  "config": "optuna_Schwefel_Shifted_COO",
  "seed": 4,
  "status": "ok",
  "best_value": -398.1115646953922,
  "best_pos": [
    -458.975719,
    500.0
  ],
  "time_sec": 0.1623,
  "conv_hist": [
    28.302362656714422,
    28.302362656714422,
    28.302362656714422,
    95.43427270646589,
    387.08953140373706,
    387.08953140373706,
    387.08953140373706,
    395.43491907719726,
    397.73282628422476,
    398.04898011308205,
    398.04898011308205,
    398.04898011308205,
    398.04898011308205,
    398.1115646953922,
    398.1115646953922,
    398.1115646953922,
    398.1115646953922,
    398.1115646953922,
    398.1115646953922,
    398.1115646953922,
    398.1115646953922,
    398.1115646953922,
    398.1115646953922
  ],
  "error": null,
  "pos_hist": [
    [
      -455.8399420685004,
      456.65296771423596
    ],
    [
      -455.8399420685004,
      456.65296771423596
    ],
    [
      -455.8399420685004,
      456.65296771423596
    ],
    [
      -456.69082368644956,
      239.297053022603
    ],
    [
      -468.50974408219156,
      500.0
    ],
    [
      -468.50974408219156,
      500.0
    ],
    [
      -468.50974408219156,
      500.0
    ],
    [
      -454.5293964355079,
      500.0
    ],
    [
      -457.40500311065307,
      500.0
    ],
    [
      -458.4225800516961,
      500.0
    ],
    [
      -458.4225800516961,
      500.0
    ],
    [
      -458.4225800516961,
      500.0
    ],
    [
      -458.4225800516961,
      500.0
    ],
    [
      -458.97571873459566,
      500.0
    ],
    [
      -458.97571873459566,
      500.0
    ],
    [
      -458.97571873459566,
      500.0
    ],
    [
      -458.97571873459566,
      500.0
    ],
    [
      -458.97571873459566,
      500.0
    ],
    [
      -458.97571873459566,
      500.0
    ],
    [
      -458.97571873459566,
      500.0
    ],
    [
      -458.97571873459566,
      500.0
    ],
    [
      -458.97571873459566,
      500.0
    ],
    [
      -458.97571873459566,
      500.0
    ]
  ],
  "diagnostics": {
    "cache_size": 1731,
    "exact_evals": 1731,
    "surrogate_calls": 0,
    "iterations": 23,
    "time_s": 0.1621253490447998,
    "diversity_history": [
      278.21405250269356,
      233.91814087208564,
      163.9673648598426,
      97.72303935812906,
      87.8769743983439,
      84.86519897006428,
      77.66921011754194,
      55.1262222365941,
      27.358218821291374,
      10.193790634811354,
      11.315408605009116,
      13.270516448557062,
      13.692977398267603,
      12.714220797740616,
      11.00666399354072,
      9.462299194734427,
      8.650361600180549,
      7.79319831081048,
      6.491285207304499,
      5.602872880723613,
      5.599541079605947,
      6.2044576342470865,
      6.757590050892814
    ],
    "surrogate_cv_history": [],
    "retrain_log": [],
    "elitist_count": 0,
    "gradient_refinements": 92
  }
}