{
  "optimizer": "COO",
  "function": "Schwefel_Shifted",
  "config": "optuna_Schwefel_Shifted_COO",
  "seed": 3,
  "status": "ok",
  "best_value": -206.13413154359682,
  "best_pos": [
    500.0,
    500.0
  ],
  "time_sec": 0.0912,
  "conv_hist": [
    -200.7278892055832,
    -200.7278892055832,
    -169.18654898829777,
    -123.31337370123799,
    11.755916649868823,
    39.98062448267524,
    206.13413154359682,
    206.13413154359682,
    206.13413154359682,
    206.13413154359682,
    206.13413154359682,
    206.13413154359682,
    206.13413154359682,
    206.13413154359682,
    206.13413154359682,
    206.13413154359682
  ],
  "error": null,
  "pos_hist": [
    [
      284.93670343113104,
      472.0983636837658
    ],
    [
      284.93670343113104,
      472.0983636837658
    ],
    [
      -212.5821142433351,
      203.42772907842965
    ],
    [
      -207.2480033735816,
      224.99522531559353
    ],
    [
      287.8910888158968,
      500.0
    ],
    [
      308.51417151536293,
      500.0
    ],
    [
      500.0,
      500.0
    ],
    [
      500.0,
      500.0
    ],
    [
      500.0,
      500.0
    ],
    [
      500.0,
      500.0
    ],
    [
      500.0,
      500.0
    ],
    [
      500.0,
      500.0
    ],
    [
      500.0,
      500.0
    ],
    [
      500.0,
      500.0
    ],
    [
      500.0,
      500.0
    ],
    [
      500.0,
      500.0
    ]
  ],
  "diagnostics": {
    "cache_size": 1167,
    "exact_evals": 1167,
    "surrogate_calls": 0,
    "iterations": 16,
    "time_s": 0.09103846549987793,
    "diversity_history": [
      267.43542126196087,
      236.69131679766605,
      212.8298135043914,
      233.65211467432482,
      280.84117208064083,
      312.9114809944758,
      325.60571548610244,
      335.0456213107461,
      347.6015026638763,
      364.6986155644395,
      365.9803012262113,
      363.63416333523344,
      358.4964358038515,
      353.01364863256964,
      347.42229676181375,
      342.36834754335575
    ],
    "surrogate_cv_history": [],
    "retrain_log": [],
    "elitist_count": 0,
    "gradient_refinements": 36
  }
}