{
  "optimizer": "COO",
  "function": "Schwefel_Shifted",
  "config": "optuna_Schwefel_Shifted_COO",
  "seed": 9,
  "status": "ok",
  "best_value": -398.01384248507406,
  "best_pos": [
    -458.250648,
    500.0
  ],
  "time_sec": 0.0908,
  "conv_hist": [
    -75.23759855702156,
    -75.23759855702156,
    -75.23759855702156,
    -75.23759855702156,
    137.76691091704538,
    397.7118716071286,
    397.7118716071286,
    398.01384248507406,
    398.01384248507406,
    398.01384248507406,
    398.01384248507406,
    398.01384248507406,
    398.01384248507406,
    398.01384248507406,
    398.01384248507406,
    398.01384248507406,
    398.01384248507406
  ],
  "error": null,
  "pos_hist": [
    [
      -197.36935833999348,
      470.798194813456
    ],
    [
      -197.36935833999348,
      470.798194813456
    ],
    [
      -197.36935833999348,
      470.798194813456
    ],
    [
      -197.36935833999348,
      470.798194813456
    ],
    [
      -207.95242639020907,
      500.0
    ],
    [
      -457.3578612482931,
      500.0
    ],
    [
      -457.3578612482931,
      500.0
    ],
    [
      -458.2506479365359,
      500.0
    ],
    [
      -458.2506479365359,
      500.0
    ],
    [
      -458.2506479365359,
      500.0
    ],
    [
      -458.2506479365359,
      500.0
    ],
    [
      -458.2506479365359,
      500.0
    ],
    [
      -458.2506479365359,
      500.0
    ],
    [
      -458.2506479365359,
      500.0
    ],
    [
      -458.2506479365359,
      500.0
    ],
    [
      -458.2506479365359,
      500.0
    ],
    [
      -458.2506479365359,
      500.0
    ]
  ],
  "diagnostics": {
    "cache_size": 1386,
    "exact_evals": 1386,
    "surrogate_calls": 0,
    "iterations": 17,
    "time_s": 0.09058856964111328,
    "diversity_history": [
      278.897841160598,
      238.19981932390482,
      192.26217148011096,
      181.93090821858962,
      214.0001279753916,
      214.22122785081427,
      203.67785365520484,
      185.16911183498013,
      158.28789524523373,
      137.61994991156558,
      120.92417168642804,
      105.79127285216734,
      92.1301831630504,
      77.31887431903777,
      59.09142768678773,
      42.648117319657985,
      31.270421902452085
    ],
    "surrogate_cv_history": [],
    "retrain_log": [],
    "elitist_count": 0,
    "gradient_refinements": 68
  }
}