{
  "optimizer": "COO",
  "function": "Griewank_Shifted",
  "config": "optuna_Griewank_Shifted_COO",
  "seed": 9,
  "status": "ok",
  "best_value": 0.0979279407164696,
  "best_pos": [
    187.717879,
    -308.915719
  ],
  "time_sec": 0.2579,
  "conv_hist": [
    -0.5372919938659422,
    -0.5372919938659422,
    -0.5372919938659422,
    -0.2039744554966183,
    -0.2039744554966183,
    -0.2039744554966183,
    -0.2039744554966183,
    -0.13731802423306538,
    -0.13731802423306538,
    -0.0979279407164696,
    -0.0979279407164696,
    -0.0979279407164696,
    -0.0979279407164696,
    -0.0979279407164696,
    -0.0979279407164696,
    -0.0979279407164696,
    -0.0979279407164696,
    -0.0979279407164696,
    -0.0979279407164696
  ],
  "error": null,
  "pos_hist": [
    [
      196.8591713296778,
      -260.8004852452001
    ],
    [
      196.8591713296778,
      -260.8004852452001
    ],
    [
      196.8591713296778,
      -260.8004852452001
    ],
    [
      178.21604642467085,
      -313.03169430780815
    ],
    [
      178.21604642467085,
      -313.03169430780815
    ],
    [
      178.21604642467085,
      -313.03169430780815
    ],
    [
      178.21604642467085,
      -313.03169430780815
    ],
    [
      193.9982545670442,
      -317.54788743536767
    ],
    [
      193.9982545670442,
      -317.54788743536767
    ],
    [
      187.71787857009147,
      -308.91571864762955
    ],
    [
      187.71787857009147,
      -308.91571864762955
    ],
    [
      187.71787857009147,
      -308.91571864762955
    ],
    [
      187.71787857009147,
      -308.91571864762955
    ],
    [
      187.71787857009147,
      -308.91571864762955
    ],
    [
      187.71787857009147,
      -308.91571864762955
    ],
    [
      187.71787857009147,
      -308.91571864762955
    ],
    [
      187.71787857009147,
      -308.91571864762955
    ],
    [
      187.71787857009147,
      -308.91571864762955
    ],
    [
      187.71787857009147,
      -308.91571864762955
    ]
  ],
  "diagnostics": {
    "cache_size": 2845,
    "exact_evals": 2845,
    "surrogate_calls": 0,
    "iterations": 19,
    "time_s": 0.25765514373779297,
    "diversity_history": [
      337.1700232980087,
      276.57204402477134,
      177.507177227447,
      68.97140367408309,
      71.44995498950266,
      134.8637381030607,
      157.54715364248733,
      147.85671231795038,
      107.29874694527454,
      51.63181808603238,
      25.16219295112678,
      57.35717520672361,
      74.65680308499816,
      70.22973461760253,
      48.69929023471518,
      22.103691359778587,
      18.831831538354578,
      32.441875069028214,
      36.346232454063596
    ],
    "surrogate_cv_history": [],
    "retrain_log": [],
    "elitist_count": 0,
    "gradient_refinements": 149
  }
}