{
  "optimizer": "COO",
  "function": "Griewank_Shifted",
  "config": "optuna_Griewank_Shifted_COO",
  "seed": 6,
  "status": "ok",
  "best_value": 0.06319935119910225,
  "best_pos": [
    187.479722,
    -308.990545
  ],
  "time_sec": 0.3736,
  "conv_hist": [
    -1.2172580659177594,
    -0.36200267053355273,
    -0.36200267053355273,
    -0.36200267053355273,
    -0.36200267053355273,
    -0.14432430553234477,
    -0.14432430553234477,
    -0.06319935119910225,
    -0.06319935119910225,
    -0.06319935119910225,
    -0.06319935119910225,
    -0.06319935119910225,
    -0.06319935119910225,
    -0.06319935119910225,
    -0.06319935119910225,
    -0.06319935119910225,
    -0.06319935119910225
  ],
  "error": null,
  "pos_hist": [
    [
      204.34763540972676,
      -275.32390993618407
    ],
    [
      209.48787503470746,
      -276.86587726394924
    ],
    [
      209.48787503470746,
      -276.86587726394924
    ],
    [
      209.48787503470746,
      -276.86587726394924
    ],
    [
      209.48787503470746,
      -276.86587726394924
    ],
    [
      212.64736473919746,
      -300.64200830202066
    ],
    [
      212.64736473919746,
      -300.64200830202066
    ],
    [
      187.47972165949741,
      -308.9905445754701
    ],
    [
      187.47972165949741,
      -308.9905445754701
    ],
    [
      187.47972165949741,
      -308.9905445754701
    ],
    [
      187.47972165949741,
      -308.9905445754701
    ],
    [
      187.47972165949741,
      -308.9905445754701
    ],
    [
      187.47972165949741,
      -308.9905445754701
    ],
    [
      187.47972165949741,
      -308.9905445754701
    ],
    [
      187.47972165949741,
      -308.9905445754701
    ],
    [
      187.47972165949741,
      -308.9905445754701
    ],
    [
      187.47972165949741,
      -308.9905445754701
    ]
  ],
  "diagnostics": {
    "cache_size": 2565,
    "exact_evals": 2565,
    "surrogate_calls": 0,
    "iterations": 17,
    "time_s": 0.3575875759124756,
    "diversity_history": [
      348.267091134049,
      284.31078153081205,
      179.16561378133105,
      66.97055032100641,
      74.06481822517185,
      141.7946056022283,
      162.78671393070198,
      148.16663257124625,
      104.30393962031908,
      50.22426445901698,
      30.93295659310701,
      62.12239333035956,
      78.20799915641479,
      72.44764721582496,
      51.40502914098705,
      27.929941728232716,
      26.139312519757674
    ],
    "surrogate_cv_history": [],
    "retrain_log": [],
    "elitist_count": 0,
    "gradient_refinements": 135
  }
}