{
  "optimizer": "COO",
  "function": "Ackley_Shifted",
  "config": "optuna_Ackley_Shifted_COO",
  "seed": 7,
  "status": "ok",
  "best_value": 0.02159266300888918,
  "best_pos": [
    -1.995053,
    1.994834
  ],
  "time_sec": 0.1099,
  "conv_hist": [
    -5.218643153956194,
    -3.8093082753012273,
    -2.5915705370193654,
    -0.7161377877703683,
    -0.02159266300888918,
    -0.02159266300888918,
    -0.02159266300888918,
    -0.02159266300888918,
    -0.02159266300888918,
    -0.02159266300888918,
    -0.02159266300888918,
    -0.02159266300888918,
    -0.02159266300888918,
    -0.02159266300888918
  ],
  "error": null,
  "pos_hist": [
    [
      -3.1954838079731838,
      2.4111887291326433
    ],
    [
      -0.9938830281096762,
      2.874723609783934
    ],
    [
      -1.0696386786613545,
      2.005460697320473
    ],
    [
      -2.121440122038278,
      2.026200732170319
    ],
    [
      -1.9950530367436237,
      1.9948339377226796
    ],
    [
      -1.9950530367436237,
      1.9948339377226796
    ],
    [
      -1.9950530367436237,
      1.9948339377226796
    ],
    [
      -1.9950530367436237,
      1.9948339377226796
    ],
    [
      -1.9950530367436237,
      1.9948339377226796
    ],
    [
      -1.9950530367436237,
      1.9948339377226796
    ],
    [
      -1.9950530367436237,
      1.9948339377226796
    ],
    [
      -1.9950530367436237,
      1.9948339377226796
    ],
    [
      -1.9950530367436237,
      1.9948339377226796
    ],
    [
      -1.9950530367436237,
      1.9948339377226796
    ]
  ],
  "diagnostics": {
    "cache_size": 885,
    "exact_evals": 885,
    "surrogate_calls": 0,
    "iterations": 14,
    "time_s": 0.10970139503479004,
    "diversity_history": [
      2.599540150866062,
      2.108347997480882,
      1.331439977998913,
      0.5461107672409997,
      0.8693518160407409,
      1.277414851942152,
      1.393364248859304,
      1.1654216710578698,
      0.7201829335790888,
      0.47995836520470747,
      0.60327616714088,
      0.7411947931267477,
      0.7133619098825783,
      0.5627724110521778
    ],
    "surrogate_cv_history": [],
    "retrain_log": [],
    "elitist_count": 0,
    "gradient_refinements": 42
  }
}