{
  "optimizer": "COO",
  "function": "Ackley_Shifted",
  "config": "optuna_Ackley_Shifted_COO",
  "seed": 2,
  "status": "ok",
  "best_value": 0.01865604210970817,
  "best_pos": [
    -1.999268,
    2.006187
  ],
  "time_sec": 0.1265,
  "conv_hist": [
    -4.03239717748038,
    -3.3872586190377914,
    -3.258356122480152,
    -0.6741085536051625,
    -0.35699916084700023,
    -0.35699916084700023,
    -0.35699916084700023,
    -0.35699916084700023,
    -0.35699916084700023,
    -0.35699916084700023,
    -0.01865604210970817,
    -0.01865604210970817,
    -0.01865604210970817,
    -0.01865604210970817,
    -0.01865604210970817,
    -0.01865604210970817,
    -0.01865604210970817,
    -0.01865604210970817,
    -0.01865604210970817,
    -0.01865604210970817
  ],
  "error": null,
  "pos_hist": [
    [
      -2.953513659621575,
      1.192709663506637
    ],
    [
      -0.9949867482786728,
      2.183099239150762
    ],
    [
      -2.095039524180309,
      2.52946374594427
    ],
    [
      -2.0565611199068137,
      1.895919675571812
    ],
    [
      -2.0749230139276147,
      2.0072476325047366
    ],
    [
      -2.0749230139276147,
      2.0072476325047366
    ],
    [
      -2.0749230139276147,
      2.0072476325047366
    ],
    [
      -2.0749230139276147,
      2.0072476325047366
    ],
    [
      -2.0749230139276147,
      2.0072476325047366
    ],
    [
      -2.0749230139276147,
      2.0072476325047366
    ],
    [
      -1.9992677275882929,
      2.0061873703428956
    ],
    [
      -1.9992677275882929,
      2.0061873703428956
    ],
    [
      -1.9992677275882929,
      2.0061873703428956
    ],
    [
      -1.9992677275882929,
      2.0061873703428956
    ],
    [
      -1.9992677275882929,
      2.0061873703428956
    ],
    [
      -1.9992677275882929,
      2.0061873703428956
    ],
    [
      -1.9992677275882929,
      2.0061873703428956
    ],
    [
      -1.9992677275882929,
      2.0061873703428956
    ],
    [
      -1.9992677275882929,
      2.0061873703428956
    ],
    [
      -1.9992677275882929,
      2.0061873703428956
    ]
  ],
  "diagnostics": {
    "cache_size": 1245,
    "exact_evals": 1245,
    "surrogate_calls": 0,
    "iterations": 20,
    "time_s": 0.12629270553588867,
    "diversity_history": [
      2.571758867037991,
      2.1301173892337033,
      1.3867591873531118,
      0.7185062339493193,
      0.6970964360465874,
      1.109359478276882,
      1.2468140825327165,
      1.1015544196401656,
      0.8396793143513139,
      0.5872954821869303,
      0.5580237640491242,
      0.6300860380511779,
      0.6510658502694501,
      0.552409261611282,
      0.4379061603187705,
      0.4121381988964855,
      0.4184897376436697,
      0.395271190563187,
      0.35830640800871394,
      0.29348726773599537
    ],
    "surrogate_cv_history": [],
    "retrain_log": [],
    "elitist_count": 0,
    "gradient_refinements": 60
  }
}