{
  "optimizer": "COO",
  "function": "Schwefel",
  "config": "optuna_Schwefel_COO",
  "seed": 4,
  "status": "ok",
  "best_value": 120.1855458332318,
  "best_pos": [
    -300.405753,
    424.024712
  ],
  "time_sec": 0.107,
  "conv_hist": [
    -245.8108570533982,
    -222.38741892429402,
    -191.56403462300818,
    -138.76213005693808,
    -120.1855458332318,
    -120.1855458332318,
    -120.1855458332318,
    -120.1855458332318,
    -120.1855458332318,
    -120.1855458332318,
    -120.1855458332318,
    -120.1855458332318,
    -120.1855458332318,
    -120.1855458332318
  ],
  "error": null,
  "pos_hist": [
    [
      -326.2202062447242,
      442.5858497269802
    ],
    [
      -322.7419623594175,
      441.6152053526049
    ],
    [
      -317.88372941585084,
      439.6289839402931
    ],
    [
      -302.197185108888,
      433.6757028135297
    ],
    [
      -300.4057534407464,
      424.02471160737116
    ],
    [
      -300.4057534407464,
      424.02471160737116
    ],
    [
      -300.4057534407464,
      424.02471160737116
    ],
    [
      -300.4057534407464,
      424.02471160737116
    ],
    [
      -300.4057534407464,
      424.02471160737116
    ],
    [
      -300.4057534407464,
      424.02471160737116
    ],
    [
      -300.4057534407464,
      424.02471160737116
    ],
    [
      -300.4057534407464,
      424.02471160737116
    ],
    [
      -300.4057534407464,
      424.02471160737116
    ],
    [
      -300.4057534407464,
      424.02471160737116
    ]
  ],
  "diagnostics": {
    "cache_size": 1317,
    "exact_evals": 1317,
    "surrogate_calls": 0,
    "iterations": 14,
    "time_s": 0.10675668716430664,
    "diversity_history": [
      285.18834381747325,
      243.793559292444,
      201.5267216286661,
      207.30587537259194,
      254.28814388741046,
      285.1671259981574,
      298.59321613372936,
      294.46078006524647,
      286.14782957253146,
      278.0572805116552,
      270.78763518725043,
      263.4758063165664,
      251.88440190292505,
      234.75611514327517
    ],
    "surrogate_cv_history": [],
    "retrain_log": [],
    "elitist_count": 0,
    "gradient_refinements": 70
  }
}