{
  "optimizer": "COO",
  "function": "Schwefel",
  "config": "optuna_Schwefel_COO",
  "seed": 5,
  "status": "ok",
  "best_value": 0.015723370235718903,
  "best_pos": [
    420.617451,
    421.000597
  ],
  "time_sec": 0.4913,
  "conv_hist": [
    -12.84395886687605,
    -11.472984368034986,
    -9.044107806024044,
    -8.634634970435627,
    -7.785002494875016,
    -7.125323878233303,
    -6.343980909883612,
    -5.357704265342136,
    -4.667170407799631,
    -3.261033714483574,
    -0.034198398815306064,
    -0.034198398815306064,
    -0.034198398815306064,
    -0.03234758386452086,
    -0.015723370235718903,
    -0.015723370235718903,
    -0.015723370235718903,
    -0.015723370235718903,
    -0.015723370235718903,
    -0.015723370235718903,
    -0.015723370235718903,
    -0.015723370235718903,
    -0.015723370235718903,
    -0.015723370235718903
  ],
  "error": null,
  "pos_hist": [
    [
      426.68261524387435,
      412.6267637037831
    ],
    [
      426.25676417526637,
      413.01021316832964
    ],
    [
      425.19826852643513,
      413.6153421145656
    ],
    [
      424.81100427009903,
      413.62337825392797
    ],
    [
      424.529484770329,
      413.9499914611923
    ],
    [
      424.137990030725,
      414.13875610556767
    ],
    [
      423.46905069691,
      414.3180407492109
    ],
    [
      422.99476609738826,
      414.7623711704995
    ],
    [
      422.43539264663457,
      415.05467950328557
    ],
    [
      424.7363986248535,
      424.37891256055406
    ],
    [
      421.48095673792926,
      421.06045978431524
    ],
    [
      421.48095673792926,
      421.06045978431524
    ],
    [
      421.48095673792926,
      421.06045978431524
    ],
    [
      421.0028864890804,
      421.4736620908908
    ],
    [
      420.61745103681534,
      421.00059680015625
    ],
    [
      420.61745103681534,
      421.00059680015625
    ],
    [
      420.61745103681534,
      421.00059680015625
    ],
    [
      420.61745103681534,
      421.00059680015625
    ],
    [
      420.61745103681534,
      421.00059680015625
    ],
    [
      420.61745103681534,
      421.00059680015625
    ],
    [
      420.61745103681534,
      421.00059680015625
    ],
    [
      420.61745103681534,
      421.00059680015625
    ],
    [
      420.61745103681534,
      421.00059680015625
    ],
    [
      420.61745103681534,
      421.00059680015625
    ]
  ],
  "diagnostics": {
    "cache_size": 2105,
    "exact_evals": 2105,
    "surrogate_calls": 0,
    "iterations": 24,
    "time_s": 0.49106407165527344,
    "diversity_history": [
      303.55439821541665,
      255.80818255604848,
      189.60531407355188,
      143.15920591014932,
      149.53158678453244,
      162.2689366965914,
      163.11903848991983,
      155.6460794834837,
      143.78274183786993,
      130.99056556518738,
      119.72425749118096,
      106.57682779970555,
      88.12893017857604,
      63.837288036397034,
      43.297964003744156,
      29.34977219685497,
      18.922878972782396,
      23.52398924357157,
      26.888731675646326,
      24.47066285668334,
      19.991268636365092,
      14.175392344026395,
      9.46432455069029,
      7.967992153538731
    ],
    "surrogate_cv_history": [],
    "retrain_log": [],
    "elitist_count": 0,
    "gradient_refinements": 111
  }
}