{
  "optimizer": "COO",
  "function": "Schwefel",
  "config": "optuna_Schwefel_COO",
  "seed": 8,
  "status": "ok",
  "best_value": 0.3926241439712612,
  "best_pos": [
    419.835119,
    419.616718
  ],
  "time_sec": 0.352,
  "conv_hist": [
    -306.337632091052,
    -306.337632091052,
    -274.8680592842578,
    -153.15602117049264,
    -147.5014910173527,
    -132.79594841556764,
    -113.3970505460261,
    -15.669965871977524,
    -15.669965871977524,
    -6.223375874773296,
    -3.359152269654487,
    -3.1751888564527917,
    -0.3926241439712612,
    -0.3926241439712612,
    -0.3926241439712612,
    -0.3926241439712612,
    -0.3926241439712612,
    -0.3926241439712612,
    -0.3926241439712612,
    -0.3926241439712612,
    -0.3926241439712612,
    -0.3926241439712612
  ],
  "error": null,
  "pos_hist": [
    [
      439.2041360238717,
      223.3834149872738
    ],
    [
      439.2041360238717,
      223.3834149872738
    ],
    [
      380.39973904229635,
      447.61428062738656
    ],
    [
      385.39541949944964,
      427.7141980035223
    ],
    [
      399.6986511861096,
      448.357677386422
    ],
    [
      391.38709914497394,
      436.03310641408694
    ],
    [
      394.1154036990814,
      435.5354668400817
    ],
    [
      410.0848181796386,
      418.3348583261705
    ],
    [
      410.0848181796386,
      418.3348583261705
    ],
    [
      420.7771335500135,
      413.93020620594535
    ],
    [
      419.35609473626147,
      416.0598718892985
    ],
    [
      418.7871806217404,
      416.4448438393431
    ],
    [
      419.83511855712777,
      419.61671769822516
    ],
    [
      419.83511855712777,
      419.61671769822516
    ],
    [
      419.83511855712777,
      419.61671769822516
    ],
    [
      419.83511855712777,
      419.61671769822516
    ],
    [
      419.83511855712777,
      419.61671769822516
    ],
    [
      419.83511855712777,
      419.61671769822516
    ],
    [
      419.83511855712777,
      419.61671769822516
    ],
    [
      419.83511855712777,
      419.61671769822516
    ],
    [
      419.83511855712777,
      419.61671769822516
    ],
    [
      419.83511855712777,
      419.61671769822516
    ]
  ],
  "diagnostics": {
    "cache_size": 1949,
    "exact_evals": 1949,
    "surrogate_calls": 0,
    "iterations": 22,
    "time_s": 0.3517796993255615,
    "diversity_history": [
      283.2259272812714,
      236.1116605823833,
      174.39060447711074,
      147.18278268413198,
      171.35841373031565,
      166.44423807598167,
      156.32487870377645,
      140.74172249457797,
      122.15931740750146,
      98.36813843009841,
      81.43127613113732,
      67.45998067773314,
      53.6519314439432,
      41.86471722398217,
      28.434072123864603,
      24.465369276159095,
      26.866001562577154,
      25.16430732369762,
      22.823466666828036,
      20.55105156022317,
      17.385713589697755,
      13.021089706302462
    ],
    "surrogate_cv_history": [],
    "retrain_log": [],
    "elitist_count": 0,
    "gradient_refinements": 103
  }
}