{
  "optimizer": "COO",
  "function": "Rosenbrock_Shifted",
  "config": "optuna_Rosenbrock_Shifted_COO",
  "seed": 5,
  "status": "ok",
  "best_value": 0.004032943071056653,
  "best_pos": [
    -0.03567,
    2.424678
  ],
  "time_sec": 0.0461,
  "conv_hist": [
    -1.110028984946087,
    -0.0635148272164431,
    -0.004032943071056653,
    -0.004032943071056653,
    -0.004032943071056653,
    -0.004032943071056653,
    -0.004032943071056653,
    -0.004032943071056653,
    -0.004032943071056653,
    -0.004032943071056653,
    -0.004032943071056653,
    -0.004032943071056653
  ],
  "error": null,
  "pos_hist": [
    [
      -0.10830478006607525,
      2.3999201295447743
    ],
    [
      0.22463866844510902,
      2.988315203767686
    ],
    [
      -0.03567008240988766,
      2.4246780598772855
    ],
    [
      -0.03567008240988766,
      2.4246780598772855
    ],
    [
      -0.03567008240988766,
      2.4246780598772855
    ],
    [
      -0.03567008240988766,
      2.4246780598772855
    ],
    [
      -0.03567008240988766,
      2.4246780598772855
    ],
    [
      -0.03567008240988766,
      2.4246780598772855
    ],
    [
      -0.03567008240988766,
      2.4246780598772855
    ],
    [
      -0.03567008240988766,
      2.4246780598772855
    ],
    [
      -0.03567008240988766,
      2.4246780598772855
    ],
    [
      -0.03567008240988766,
      2.4246780598772855
    ]
  ],
  "diagnostics": {
    "cache_size": 1400,
    "exact_evals": 1400,
    "surrogate_calls": 0,
    "iterations": 12,
    "time_s": 0.04596567153930664,
    "diversity_history": [
      1.374383131533053,
      1.2014819201329432,
      0.8703083268010314,
      0.5677014907009859,
      0.5380081434394335,
      0.6569174248770255,
      0.7382536537510012,
      0.7140057769873052,
      0.6833818996418236,
      0.5944021718570489,
      0.5604454284323467,
      0.5962234797853685
    ],
    "surrogate_cv_history": [],
    "retrain_log": [],
    "elitist_count": 0,
    "gradient_refinements": 50
  }
}