{
  "optimizer": "COO",
  "function": "Rosenbrock_Shifted",
  "config": "optuna_Rosenbrock_Shifted_COO",
  "seed": 6,
  "status": "ok",
  "best_value": 0.0031248456314713854,
  "best_pos": [
    0.049594,
    2.599067
  ],
  "time_sec": 0.1666,
  "conv_hist": [
    -0.20820833777232606,
    -0.20820833777232606,
    -0.057193052065876,
    -0.057193052065876,
    -0.057193052065876,
    -0.04176134307514609,
    -0.003363730572413605,
    -0.003363730572413605,
    -0.003363730572413605,
    -0.003363730572413605,
    -0.003363730572413605,
    -0.0031248456314713854,
    -0.0031248456314713854,
    -0.0031248456314713854,
    -0.0031248456314713854,
    -0.0031248456314713854,
    -0.0031248456314713854,
    -0.0031248456314713854,
    -0.0031248456314713854,
    -0.0031248456314713854,
    -0.0031248456314713854
  ],
  "error": null,
  "pos_hist": [
    [
      -0.3092928694556294,
      1.943528425394761
    ],
    [
      -0.3092928694556294,
      1.943528425394761
    ],
    [
      -0.23665526551074784,
      2.0792494074581525
    ],
    [
      -0.23665526551074784,
      2.0792494074581525
    ],
    [
      -0.23665526551074784,
      2.0792494074581525
    ],
    [
      -0.1879213713399967,
      2.151442439341723
    ],
    [
      -0.013626081374580323,
      2.478570936260902
    ],
    [
      -0.013626081374580323,
      2.478570936260902
    ],
    [
      -0.013626081374580323,
      2.478570936260902
    ],
    [
      -0.013626081374580323,
      2.478570936260902
    ],
    [
      -0.013626081374580323,
      2.478570936260902
    ],
    [
      0.04959361168741855,
      2.599067371259701
    ],
    [
      0.04959361168741855,
      2.599067371259701
    ],
    [
      0.04959361168741855,
      2.599067371259701
    ],
    [
      0.04959361168741855,
      2.599067371259701
    ],
    [
      0.04959361168741855,
      2.599067371259701
    ],
    [
      0.04959361168741855,
      2.599067371259701
    ],
    [
      0.04959361168741855,
      2.599067371259701
    ],
    [
      0.04959361168741855,
      2.599067371259701
    ],
    [
      0.04959361168741855,
      2.599067371259701
    ],
    [
      0.04959361168741855,
      2.599067371259701
    ]
  ],
  "diagnostics": {
    "cache_size": 2365,
    "exact_evals": 2365,
    "surrogate_calls": 0,
    "iterations": 21,
    "time_s": 0.1659858226776123,
    "diversity_history": [
      1.2885197458491742,
      1.0363719403567964,
      0.7237155174510039,
      0.454537809069686,
      0.47403693498142385,
      0.6149330566004936,
      0.6870008064155668,
      0.644281914300652,
      0.5294395674898402,
      0.394640111649979,
      0.3590175812283237,
      0.4174223721849443,
      0.43322448755519627,
      0.42027182588993783,
      0.37200999758715314,
      0.29108408262085794,
      0.28516586677366096,
      0.31099655868398424,
      0.3137068361976141,
      0.2820375196708804,
      0.2747514302534998
    ],
    "surrogate_cv_history": [],
    "retrain_log": [],
    "elitist_count": 0,
    "gradient_refinements": 80
  }
}