{
  "optimizer": "COO",
  "function": "Schwefel_ShiftedRotated",
  "config": "optuna_Schwefel_ShiftedRotated_COO",
  "seed": 2,
  "status": "ok",
  "best_value": 0.1486652533292272,
  "best_pos": [
    -447.404584,
    -432.062063
  ],
  "time_sec": 0.6636,
  "conv_hist": [
    -0.9507514781519149,
    -0.665200064351211,
    -0.665200064351211,
    -0.665200064351211,
    -0.665200064351211,
    -0.665200064351211,
    -0.665200064351211,
    -0.665200064351211,
    -0.1486652533292272,
    -0.1486652533292272,
    -0.1486652533292272,
    -0.1486652533292272,
    -0.1486652533292272,
    -0.1486652533292272,
    -0.1486652533292272,
    -0.1486652533292272,
    -0.1486652533292272,
    -0.1486652533292272
  ],
  "error": null,
  "pos_hist": [
    [
      -447.77727261583976,
      -434.33633379362243
    ],
    [
      -446.5925522286465,
      -433.0643766151584
    ],
    [
      -446.5925522286465,
      -433.0643766151584
    ],
    [
      -446.5925522286465,
      -433.0643766151584
    ],
    [
      -446.5925522286465,
      -433.0643766151584
    ],
    [
      -446.5925522286465,
      -433.0643766151584
    ],
    [
      -446.5925522286465,
      -433.0643766151584
    ],
    [
      -446.5925522286465,
      -433.0643766151584
    ],
    [
      -447.4045841769052,
      -432.06206271107857
    ],
    [
      -447.4045841769052,
      -432.06206271107857
    ],
    [
      -447.4045841769052,
      -432.06206271107857
    ],
    [
      -447.4045841769052,
      -432.06206271107857
    ],
    [
      -447.4045841769052,
      -432.06206271107857
    ],
    [
      -447.4045841769052,
      -432.06206271107857
    ],
    [
      -447.4045841769052,
      -432.06206271107857
    ],
    [
      -447.4045841769052,
      -432.06206271107857
    ],
    [
      -447.4045841769052,
      -432.06206271107857
    ],
    [
      -447.4045841769052,
      -432.06206271107857
    ]
  ],
  "diagnostics": {
    "cache_size": 1991,
    "exact_evals": 1991,
    "surrogate_calls": 0,
    "iterations": 18,
    "time_s": 0.6633377075195312,
    "diversity_history": [
      270.34742148386385,
      238.119837983413,
      212.1037426047809,
      239.6424552362124,
      301.3920851382385,
      341.6634353889382,
      358.39771517280803,
      357.6178581695758,
      348.7957789348187,
      337.5304483028299,
      324.96803352397603,
      314.7103810937207,
      304.7830235636169,
      295.96144707565304,
      289.10287971471405,
      282.7912108771283,
      275.6483962185382,
      268.23967502435505
    ],
    "surrogate_cv_history": [],
    "retrain_log": [],
    "elitist_count": 0,
    "gradient_refinements": 107
  }
}