{
  "optimizer": "COO",
  "function": "Schwefel_ShiftedRotated",
  "config": "optuna_Schwefel_ShiftedRotated_COO",
  "seed": 3,
  "status": "ok",
  "best_value": -177.61932272377146,
  "best_pos": [
    -450.053334,
    350.068026
  ],
  "time_sec": 0.4915,
  "conv_hist": [
    -55.85605275220291,
    -55.85605275220291,
    -11.177419463490878,
    32.50143502474225,
    32.50143502474225,
    112.50751892022186,
    112.50751892022186,
    112.50751892022186,
    113.83269010495815,
    113.83269010495815,
    161.19832904803775,
    172.20128314016802,
    176.19746507637183,
    177.61932272377146,
    177.61932272377146,
    177.61932272377146,
    177.61932272377146,
    177.61932272377146,
    177.61932272377146,
    177.61932272377146,
    177.61932272377146,
    177.61932272377146,
    177.61932272377146
  ],
  "error": null,
  "pos_hist": [
    [
      -429.8674949123298,
      -442.26851217703245
    ],
    [
      -429.8674949123298,
      -442.26851217703245
    ],
    [
      -425.03494048546054,
      380.9237733486829
    ],
    [
      -420.74603782255906,
      367.2169431228372
    ],
    [
      -420.74603782255906,
      367.2169431228372
    ],
    [
      -453.0449639953284,
      327.00422850820974
    ],
    [
      -453.0449639953284,
      327.00422850820974
    ],
    [
      -453.0449639953284,
      327.00422850820974
    ],
    [
      -430.92220388054244,
      361.24788025380343
    ],
    [
      -430.92220388054244,
      361.24788025380343
    ],
    [
      -461.6408553826828,
      352.9853946543515
    ],
    [
      -453.3753235672818,
      344.1142648687935
    ],
    [
      -453.97051151382016,
      350.1632598452886
    ],
    [
      -450.0533341571176,
      350.06802551460646
    ],
    [
      -450.0533341571176,
      350.06802551460646
    ],
    [
      -450.0533341571176,
      350.06802551460646
    ],
    [
      -450.0533341571176,
      350.06802551460646
    ],
    [
      -450.0533341571176,
      350.06802551460646
    ],
    [
      -450.0533341571176,
      350.06802551460646
    ],
    [
      -450.0533341571176,
      350.06802551460646
    ],
    [
      -450.0533341571176,
      350.06802551460646
    ],
    [
      -450.0533341571176,
      350.06802551460646
    ],
    [
      -450.0533341571176,
      350.06802551460646
    ]
  ],
  "diagnostics": {
    "cache_size": 2542,
    "exact_evals": 2542,
    "surrogate_calls": 0,
    "iterations": 23,
    "time_s": 0.4912445545196533,
    "diversity_history": [
      276.0337234578402,
      237.85833413822633,
      201.5198411977485,
      216.84818373784674,
      276.53117021762245,
      297.2346885172517,
      300.52856126765937,
      291.2478515170127,
      276.30173211280317,
      254.27407694655216,
      238.55558638552966,
      227.86763768141523,
      222.27298649622398,
      218.68488208061217,
      215.03429797744425,
      211.31825844113217,
      207.21674122338294,
      203.20396646653325,
      199.27176201058515,
      194.12163504887295,
      189.1094968730595,
      185.4461588279332,
      183.51841330306956
    ],
    "surrogate_cv_history": [],
    "retrain_log": [],
    "elitist_count": 0,
    "gradient_refinements": 132
  }
}