{
  "optimizer": "COO",
  "function": "Schwefel_ShiftedRotated",
  "config": "optuna_Schwefel_ShiftedRotated_COO",
  "seed": 1,
  "status": "ok",
  "best_value": -138.1226714329423,
  "best_pos": [
    -80.236404,
    476.099448
  ],
  "time_sec": 0.6325,
  "conv_hist": [
    113.80455024527805,
    113.80455024527805,
    113.80455024527805,
    113.80455024527805,
    113.80455024527805,
    113.80455024527805,
    113.80455024527805,
    113.80455024527805,
    131.1461912554853,
    137.2519267518412,
    138.1226714329423,
    138.1226714329423,
    138.1226714329423,
    138.1226714329423,
    138.1226714329423,
    138.1226714329423,
    138.1226714329423,
    138.1226714329423,
    138.1226714329423,
    138.1226714329423
  ],
  "error": null,
  "pos_hist": [
    [
      -71.90881012870511,
      464.84004714838557
    ],
    [
      -71.90881012870511,
      464.84004714838557
    ],
    [
      -71.90881012870511,
      464.84004714838557
    ],
    [
      -71.90881012870511,
      464.84004714838557
    ],
    [
      -71.90881012870511,
      464.84004714838557
    ],
    [
      -71.90881012870511,
      464.84004714838557
    ],
    [
      -71.90881012870511,
      464.84004714838557
    ],
    [
      -71.90881012870511,
      464.84004714838557
    ],
    [
      -76.72650295416126,
      483.30723628687105
    ],
    [
      -77.08135678761938,
      477.20195911616884
    ],
    [
      -80.23640411931203,
      476.09944823258
    ],
    [
      -80.23640411931203,
      476.09944823258
    ],
    [
      -80.23640411931203,
      476.09944823258
    ],
    [
      -80.23640411931203,
      476.09944823258
    ],
    [
      -80.23640411931203,
      476.09944823258
    ],
    [
      -80.23640411931203,
      476.09944823258
    ],
    [
      -80.23640411931203,
      476.09944823258
    ],
    [
      -80.23640411931203,
      476.09944823258
    ],
    [
      -80.23640411931203,
      476.09944823258
    ],
    [
      -80.23640411931203,
      476.09944823258
    ]
  ],
  "diagnostics": {
    "cache_size": 2220,
    "exact_evals": 2220,
    "surrogate_calls": 0,
    "iterations": 20,
    "time_s": 0.6321065425872803,
    "diversity_history": [
      306.45446933477,
      261.1591944705844,
      208.7513497367909,
      201.933185104825,
      247.19580784093594,
      283.1841885657465,
      299.17591113057836,
      302.31070568532886,
      298.63972099235093,
      293.28989134384443,
      284.8828566079155,
      276.71613265294076,
      267.6406929023777,
      258.4089063813964,
      250.2711961341873,
      238.09350290094105,
      225.63765576949734,
      215.82817906032193,
      208.85601464642423,
      203.63001040683224
    ],
    "surrogate_cv_history": [],
    "retrain_log": [],
    "elitist_count": 0,
    "gradient_refinements": 117
  }
}