{
  "optimizer": "COO",
  "function": "Schwefel_Rotated",
  "config": "optuna_Schwefel_Rotated_COO",
  "seed": 5,
  "status": "ok",
  "best_value": -15.199331705772465,
  "best_pos": [
    492.007504,
    410.104672
  ],
  "time_sec": 0.2945,
  "conv_hist": [
    -94.3457265330178,
    -90.19151980623542,
    -87.22818471777691,
    -85.04243141226164,
    -83.72767954825213,
    -75.23986234112488,
    7.767151983458007,
    7.767151983458007,
    11.309631117250092,
    15.199331705772465,
    15.199331705772465,
    15.199331705772465,
    15.199331705772465,
    15.199331705772465,
    15.199331705772465,
    15.199331705772465,
    15.199331705772465,
    15.199331705772465,
    15.199331705772465
  ],
  "error": null,
  "pos_hist": [
    [
      443.54008201587953,
      -388.30757281642855
    ],
    [
      442.16592914564893,
      -389.77213801623867
    ],
    [
      440.0293028860063,
      -391.21616475973445
    ],
    [
      438.7344812577511,
      -392.78602048480417
    ],
    [
      437.65149690173115,
      -394.31717375950103
    ],
    [
      499.9897988110502,
      378.18921122935535
    ],
    [
      499.9717318238405,
      401.4389907161731
    ],
    [
      499.9717318238405,
      401.4389907161731
    ],
    [
      496.877703718701,
      409.56286315149725
    ],
    [
      492.0075041067621,
      410.1046723712556
    ],
    [
      492.0075041067621,
      410.1046723712556
    ],
    [
      492.0075041067621,
      410.1046723712556
    ],
    [
      492.0075041067621,
      410.1046723712556
    ],
    [
      492.0075041067621,
      410.1046723712556
    ],
    [
      492.0075041067621,
      410.1046723712556
    ],
    [
      492.0075041067621,
      410.1046723712556
    ],
    [
      492.0075041067621,
      410.1046723712556
    ],
    [
      492.0075041067621,
      410.1046723712556
    ],
    [
      492.0075041067621,
      410.1046723712556
    ]
  ],
  "diagnostics": {
    "cache_size": 1170,
    "exact_evals": 1170,
    "surrogate_calls": 0,
    "iterations": 19,
    "time_s": 0.29423093795776367,
    "diversity_history": [
      305.6853865353894,
      262.9090640391721,
      231.3819959252906,
      260.72028795171383,
      321.41726163620217,
      342.9500482242205,
      355.13093283042065,
      363.6120818541335,
      365.9187656920533,
      364.46621573977234,
      357.22258554856217,
      340.24693532317355,
      317.82348216845344,
      294.562652990983,
      274.7006951678377,
      257.2104507383702,
      238.64822317432646,
      222.50610769265143,
      204.91404582353195
    ],
    "surrogate_cv_history": [],
    "retrain_log": [],
    "elitist_count": 0,
    "gradient_refinements": 57
  }
}