{
  "optimizer": "COO",
  "function": "Sphere_Shifted",
  "config": "optuna_Sphere_Shifted_COO",
  "seed": 5,
  "status": "ok",
  "best_value": 0.0004985334348953567,
  "best_pos": [
    1.496496,
    -1.977949
  ],
  "time_sec": 0.0319,
  "conv_hist": [
    -0.36754180766706224,
    -0.058718745045579716,
    -0.01327766284726736,
    -0.01327766284726736,
    -0.0004985334348953567,
    -0.0004985334348953567,
    -0.0004985334348953567,
    -0.0004985334348953567,
    -0.0004985334348953567,
    -0.0004985334348953567,
    -0.0004985334348953567,
    -0.0004985334348953567,
    -0.0004985334348953567,
    -0.0004985334348953567
  ],
  "error": null,
  "pos_hist": [
    [
      0.999291966249876,
      -2.341808824644928
    ],
    [
      1.6045987509279456,
      -2.2185814410005875
    ],
    [
      1.4013331161519922,
      -2.059518979149437
    ],
    [
      1.4013331161519922,
      -2.059518979149437
    ],
    [
      1.4964955345332962,
      -1.9779488740267523
    ],
    [
      1.4964955345332962,
      -1.9779488740267523
    ],
    [
      1.4964955345332962,
      -1.9779488740267523
    ],
    [
      1.4964955345332962,
      -1.9779488740267523
    ],
    [
      1.4964955345332962,
      -1.9779488740267523
    ],
    [
      1.4964955345332962,
      -1.9779488740267523
    ],
    [
      1.4964955345332962,
      -1.9779488740267523
    ],
    [
      1.4964955345332962,
      -1.9779488740267523
    ],
    [
      1.4964955345332962,
      -1.9779488740267523
    ],
    [
      1.4964955345332962,
      -1.9779488740267523
    ]
  ],
  "diagnostics": {
    "cache_size": 810,
    "exact_evals": 810,
    "surrogate_calls": 0,
    "iterations": 14,
    "time_s": 0.03162407875061035,
    "diversity_history": [
      3.0160484022576277,
      2.508060772641553,
      1.5660990381196258,
      0.6532489083515847,
      0.9008681398165173,
      1.441237074075247,
      1.5648282772934552,
      1.327670304290663,
      0.8836548714615242,
      0.5331030013150574,
      0.6271268841522566,
      0.8131871702695952,
      0.7935657903980305,
      0.6273839596513185
    ],
    "surrogate_cv_history": [],
    "retrain_log": [],
    "elitist_count": 0,
    "gradient_refinements": 42
  }
}