{
  "optimizer": "COO",
  "function": "Sphere_Shifted",
  "config": "optuna_Sphere_Shifted_COO",
  "seed": 3,
  "status": "ok",
  "best_value": 0.005177267135430026,
  "best_pos": [
    1.457282,
    -2.0579
  ],
  "time_sec": 0.1024,
  "conv_hist": [
    -0.0463529662353901,
    -0.0463529662353901,
    -0.0463529662353901,
    -0.005177267135430026,
    -0.005177267135430026,
    -0.005177267135430026,
    -0.005177267135430026,
    -0.005177267135430026,
    -0.005177267135430026,
    -0.005177267135430026,
    -0.005177267135430026,
    -0.005177267135430026,
    -0.005177267135430026
  ],
  "error": null,
  "pos_hist": [
    [
      1.4914404761476074,
      -2.215127173520247
    ],
    [
      1.4914404761476074,
      -2.215127173520247
    ],
    [
      1.4914404761476074,
      -2.215127173520247
    ],
    [
      1.4572821065576467,
      -2.0579003343278583
    ],
    [
      1.4572821065576467,
      -2.0579003343278583
    ],
    [
      1.4572821065576467,
      -2.0579003343278583
    ],
    [
      1.4572821065576467,
      -2.0579003343278583
    ],
    [
      1.4572821065576467,
      -2.0579003343278583
    ],
    [
      1.4572821065576467,
      -2.0579003343278583
    ],
    [
      1.4572821065576467,
      -2.0579003343278583
    ],
    [
      1.4572821065576467,
      -2.0579003343278583
    ],
    [
      1.4572821065576467,
      -2.0579003343278583
    ],
    [
      1.4572821065576467,
      -2.0579003343278583
    ]
  ],
  "diagnostics": {
    "cache_size": 755,
    "exact_evals": 755,
    "surrogate_calls": 0,
    "iterations": 13,
    "time_s": 0.10218143463134766,
    "diversity_history": [
      2.527163776935631,
      1.9730887024436665,
      1.1661682732445553,
      0.555572687478846,
      0.8272001073275426,
      1.2222869375020167,
      1.2953293219471917,
      1.1165183723599736,
      0.7600997745487905,
      0.49294968065873157,
      0.55008711225261,
      0.6858682739167941,
      0.618734548401923
    ],
    "surrogate_cv_history": [],
    "retrain_log": [],
    "elitist_count": 0,
    "gradient_refinements": 39
  }
}