{
  "optimizer": "COO",
  "function": "Sphere_Shifted",
  "config": "optuna_Sphere_Shifted_COO",
  "seed": 6,
  "status": "ok",
  "best_value": 4.1158149147837074e-07,
  "best_pos": [
    1.499377,
    -2.000151
  ],
  "time_sec": 0.1813,
  "conv_hist": [
    -1.3428307713462004,
    -1.2070441413504114,
    -0.23272188726873483,
    -0.11089959241144333,
    -0.011658424164452817,
    -0.011658424164452817,
    -0.011658424164452817,
    -0.006402550719379649,
    -4.1158149147837074e-07,
    -4.1158149147837074e-07,
    -4.1158149147837074e-07,
    -4.1158149147837074e-07,
    -4.1158149147837074e-07,
    -4.1158149147837074e-07,
    -4.1158149147837074e-07,
    -4.1158149147837074e-07,
    -4.1158149147837074e-07,
    -4.1158149147837074e-07
  ],
  "error": null,
  "pos_hist": [
    [
      2.647509835004671,
      -2.1614061644230267
    ],
    [
      2.5924193618541986,
      -2.116893452325085
    ],
    [
      1.0910203251679889,
      -1.7441533411532657
    ],
    [
      1.4101120389176616,
      -1.6793448162528737
    ],
    [
      1.5974097507052625,
      -1.9534192675885036
    ],
    [
      1.5974097507052625,
      -1.9534192675885036
    ],
    [
      1.5974097507052625,
      -1.9534192675885036
    ],
    [
      1.5717804290613928,
      -1.9646429536988452
    ],
    [
      1.4993765538382728,
      -2.0001513154813826
    ],
    [
      1.4993765538382728,
      -2.0001513154813826
    ],
    [
      1.4993765538382728,
      -2.0001513154813826
    ],
    [
      1.4993765538382728,
      -2.0001513154813826
    ],
    [
      1.4993765538382728,
      -2.0001513154813826
    ],
    [
      1.4993765538382728,
      -2.0001513154813826
    ],
    [
      1.4993765538382728,
      -2.0001513154813826
    ],
    [
      1.4993765538382728,
      -2.0001513154813826
    ],
    [
      1.4993765538382728,
      -2.0001513154813826
    ],
    [
      1.4993765538382728,
      -2.0001513154813826
    ]
  ],
  "diagnostics": {
    "cache_size": 1010,
    "exact_evals": 1010,
    "surrogate_calls": 0,
    "iterations": 18,
    "time_s": 0.18097496032714844,
    "diversity_history": [
      2.6754105436811093,
      2.100550471633859,
      1.297429009812912,
      0.5428192809893855,
      0.7077517902270172,
      1.1516308407965807,
      1.3318094678356505,
      1.1749236841633781,
      0.8180453903691347,
      0.4098137692766317,
      0.44881929668439474,
      0.687637941909105,
      0.7267364792274189,
      0.5710456388576277,
      0.38167542236223256,
      0.30087514734052173,
      0.33094662599837205,
      0.35550338524633196
    ],
    "surrogate_cv_history": [],
    "retrain_log": [],
    "elitist_count": 0,
    "gradient_refinements": 50
  }
}