{
  "optimizer": "COO",
  "function": "Rastrigin",
  "config": "optuna_Rastrigin_COO",
  "seed": 4,
  "status": "ok",
  "best_value": 0.05920173938237738,
  "best_pos": [
    0.0023,
    0.017129
  ],
  "time_sec": 0.1979,
  "conv_hist": [
    -6.027782345888131,
    -5.859805147580769,
    -1.2416354158948089,
    -1.216096930397434,
    -1.216096930397434,
    -1.1151596561512278,
    -1.1151596561512278,
    -0.05920173938237738,
    -0.05920173938237738,
    -0.05920173938237738,
    -0.05920173938237738,
    -0.05920173938237738,
    -0.05920173938237738,
    -0.05920173938237738,
    -0.05920173938237738,
    -0.05920173938237738,
    -0.05920173938237738
  ],
  "error": null,
  "pos_hist": [
    [
      0.1508758621506061,
      1.0604903460885131
    ],
    [
      0.9429889791762313,
      -1.1279996233833038
    ],
    [
      1.0265927084829323,
      -0.01563795483916809
    ],
    [
      0.9722452298541412,
      -0.024532359032877413
    ],
    [
      0.9722452298541412,
      -0.024532359032877413
    ],
    [
      0.9705683991876018,
      -0.0036607439247470152
    ],
    [
      0.9705683991876018,
      -0.0036607439247470152
    ],
    [
      0.002300201809280069,
      0.017128881804227118
    ],
    [
      0.002300201809280069,
      0.017128881804227118
    ],
    [
      0.002300201809280069,
      0.017128881804227118
    ],
    [
      0.002300201809280069,
      0.017128881804227118
    ],
    [
      0.002300201809280069,
      0.017128881804227118
    ],
    [
      0.002300201809280069,
      0.017128881804227118
    ],
    [
      0.002300201809280069,
      0.017128881804227118
    ],
    [
      0.002300201809280069,
      0.017128881804227118
    ],
    [
      0.002300201809280069,
      0.017128881804227118
    ],
    [
      0.002300201809280069,
      0.017128881804227118
    ]
  ],
  "diagnostics": {
    "cache_size": 2624,
    "exact_evals": 2624,
    "surrogate_calls": 0,
    "iterations": 17,
    "time_s": 0.1920459270477295,
    "diversity_history": [
      2.9755316395092075,
      2.4967949836115655,
      1.6107008741724393,
      0.8141528221751728,
      0.9303347016782773,
      1.4121137678290177,
      1.6202952667468558,
      1.463676286979661,
      1.1156412049397966,
      0.785505326650004,
      0.7075406540245449,
      0.8115635398283854,
      0.8433905062812332,
      0.8207257619270607,
      0.7142530773766755,
      0.6140266710012854,
      0.5826733473117787
    ],
    "surrogate_cv_history": [],
    "retrain_log": [],
    "elitist_count": 0,
    "gradient_refinements": 136
  }
}