{
  "optimizer": "COO",
  "function": "Rastrigin",
  "config": "optuna_Rastrigin_COO",
  "seed": 1,
  "status": "ok",
  "best_value": 0.07021483052490396,
  "best_pos": [
    0.01042,
    0.015671
  ],
  "time_sec": 0.1207,
  "conv_hist": [
    -6.835771329282487,
    -4.892292997942379,
    -3.695441453987229,
    -0.07021483052490396,
    -0.07021483052490396,
    -0.07021483052490396,
    -0.07021483052490396,
    -0.07021483052490396,
    -0.07021483052490396,
    -0.07021483052490396,
    -0.07021483052490396,
    -0.07021483052490396,
    -0.07021483052490396
  ],
  "error": null,
  "pos_hist": [
    [
      0.9144886978896309,
      2.0455256066143352
    ],
    [
      -1.1248671998841542,
      0.05991810325738049
    ],
    [
      -0.8966980107280094,
      -0.06623223584850632
    ],
    [
      0.01042009986526423,
      0.01567089513569285
    ],
    [
      0.01042009986526423,
      0.01567089513569285
    ],
    [
      0.01042009986526423,
      0.01567089513569285
    ],
    [
      0.01042009986526423,
      0.01567089513569285
    ],
    [
      0.01042009986526423,
      0.01567089513569285
    ],
    [
      0.01042009986526423,
      0.01567089513569285
    ],
    [
      0.01042009986526423,
      0.01567089513569285
    ],
    [
      0.01042009986526423,
      0.01567089513569285
    ],
    [
      0.01042009986526423,
      0.01567089513569285
    ],
    [
      0.01042009986526423,
      0.01567089513569285
    ]
  ],
  "diagnostics": {
    "cache_size": 2032,
    "exact_evals": 2032,
    "surrogate_calls": 0,
    "iterations": 13,
    "time_s": 0.12053179740905762,
    "diversity_history": [
      3.100398365362717,
      2.560011667898185,
      1.7321969158218802,
      0.9588740697414204,
      1.0458675240327742,
      1.4993228156862002,
      1.724101700168823,
      1.5618101770216275,
      1.133924719241414,
      0.7445137934068424,
      0.6633735075340836,
      0.8149337337597378,
      0.8854162874765378
    ],
    "surrogate_cv_history": [],
    "retrain_log": [],
    "elitist_count": 0,
    "gradient_refinements": 104
  }
}