{
  "optimizer": "COO",
  "function": "Rastrigin_Shifted",
  "config": "optuna_Rastrigin_Shifted_COO",
  "seed": 7,
  "status": "ok",
  "best_value": 1.0579927758950305,
  "best_pos": [
    2.482531,
    -3.998547
  ],
  "time_sec": 0.0697,
  "conv_hist": [
    -9.885194391918017,
    -9.407591875078516,
    -5.602010936070343,
    -1.0661987787684737,
    -1.0579927758950305,
    -1.0579927758950305,
    -1.0579927758950305,
    -1.0579927758950305,
    -1.0579927758950305,
    -1.0579927758950305,
    -1.0579927758950305,
    -1.0579927758950305,
    -1.0579927758950305,
    -1.0579927758950305
  ],
  "error": null,
  "pos_hist": [
    [
      3.496721560559588,
      -3.7774270223573616
    ],
    [
      4.3958228307873695,
      -4.115101949203835
    ],
    [
      2.6767162053429385,
      -3.008504584251668
    ],
    [
      2.489798228830703,
      -3.9789693970403266
    ],
    [
      2.482531314330826,
      -3.9985470317338323
    ],
    [
      2.482531314330826,
      -3.9985470317338323
    ],
    [
      2.482531314330826,
      -3.9985470317338323
    ],
    [
      2.482531314330826,
      -3.9985470317338323
    ],
    [
      2.482531314330826,
      -3.9985470317338323
    ],
    [
      2.482531314330826,
      -3.9985470317338323
    ],
    [
      2.482531314330826,
      -3.9985470317338323
    ],
    [
      2.482531314330826,
      -3.9985470317338323
    ],
    [
      2.482531314330826,
      -3.9985470317338323
    ],
    [
      2.482531314330826,
      -3.9985470317338323
    ]
  ],
  "diagnostics": {
    "cache_size": 911,
    "exact_evals": 911,
    "surrogate_calls": 0,
    "iterations": 14,
    "time_s": 0.06955099105834961,
    "diversity_history": [
      2.712444436205465,
      2.2617986619851935,
      1.504389366251485,
      0.7562022824578343,
      0.6496002395395906,
      0.8737699742423088,
      0.9182483688349802,
      0.8171764435881272,
      0.6648549162779207,
      0.5910167400752093,
      0.5951062046522463,
      0.5401959140715801,
      0.5255233794477022,
      0.47935241612426527
    ],
    "surrogate_cv_history": [],
    "retrain_log": [],
    "elitist_count": 0,
    "gradient_refinements": 41
  }
}