{
  "optimizer": "COO",
  "function": "Rastrigin_Shifted",
  "config": "optuna_Rastrigin_Shifted_COO",
  "seed": 0,
  "status": "ok",
  "best_value": 0.5635066723539808,
  "best_pos": [
    2.461839,
    -3.037382
  ],
  "time_sec": 0.1238,
  "conv_hist": [
    -5.950479437299052,
    -5.679276658672697,
    -3.5974190833081288,
    -1.9979153955620248,
    -1.9979153955620248,
    -1.9979153955620248,
    -1.9979153955620248,
    -1.9979153955620248,
    -1.9979153955620248,
    -1.9979153955620248,
    -1.9979153955620248,
    -1.0307679874286109,
    -1.0307679874286109,
    -0.5635066723539808,
    -0.5635066723539808,
    -0.5635066723539808,
    -0.5635066723539808,
    -0.5635066723539808,
    -0.5635066723539808,
    -0.5635066723539808,
    -0.5635066723539808,
    -0.5635066723539808,
    -0.5635066723539808
  ],
  "error": null,
  "pos_hist": [
    [
      3.460555852787752,
      -4.135952303165818
    ],
    [
      0.5209132926291365,
      -3.935889768583752
    ],
    [
      2.609895654353687,
      -3.955934912674951
    ],
    [
      1.5000691450184287,
      -3.9989081037700447
    ],
    [
      1.5000691450184287,
      -3.9989081037700447
    ],
    [
      1.5000691450184287,
      -3.9989081037700447
    ],
    [
      1.5000691450184287,
      -3.9989081037700447
    ],
    [
      1.5000691450184287,
      -3.9989081037700447
    ],
    [
      1.5000691450184287,
      -3.9989081037700447
    ],
    [
      1.5000691450184287,
      -3.9989081037700447
    ],
    [
      1.5000691450184287,
      -3.9989081037700447
    ],
    [
      3.5051439565348788,
      -3.008763081722532
    ],
    [
      3.5051439565348788,
      -3.008763081722532
    ],
    [
      2.4618394104145915,
      -3.037382437847825
    ],
    [
      2.4618394104145915,
      -3.037382437847825
    ],
    [
      2.4618394104145915,
      -3.037382437847825
    ],
    [
      2.4618394104145915,
      -3.037382437847825
    ],
    [
      2.4618394104145915,
      -3.037382437847825
    ],
    [
      2.4618394104145915,
      -3.037382437847825
    ],
    [
      2.4618394104145915,
      -3.037382437847825
    ],
    [
      2.4618394104145915,
      -3.037382437847825
    ],
    [
      2.4618394104145915,
      -3.037382437847825
    ],
    [
      2.4618394104145915,
      -3.037382437847825
    ]
  ],
  "diagnostics": {
    "cache_size": 1495,
    "exact_evals": 1495,
    "surrogate_calls": 0,
    "iterations": 23,
    "time_s": 0.09886026382446289,
    "diversity_history": [
      2.90516770991858,
      2.5225614166943133,
      1.7663533898863242,
      1.060660986395061,
      1.0099411342086557,
      1.2248121330887753,
      1.225265575478681,
      1.044237355636679,
      0.826121290632946,
      0.6585798043191493,
      0.5430581947608276,
      0.6519547171409212,
      0.7563694785805346,
      0.8189313139037887,
      0.7653512997384528,
      0.6579143416495392,
      0.5854573566013638,
      0.5090637556241344,
      0.5421191072448758,
      0.5704112704719726,
      0.5796538213290429,
      0.5609358854611606,
      0.506344064899426
    ],
    "surrogate_cv_history": [],
    "retrain_log": [],
    "elitist_count": 0,
    "gradient_refinements": 68
  }
}