{
  "optimizer": "COO",
  "function": "Rastrigin_Shifted",
  "config": "optuna_Rastrigin_Shifted_COO",
  "seed": 4,
  "status": "ok",
  "best_value": 0.010883105078889344,
  "best_pos": [
    2.500056,
    -2.992593
  ],
  "time_sec": 0.0567,
  "conv_hist": [
    -7.328635741220456,
    -4.244118908206421,
    -4.244118908206421,
    -1.9903347979736417,
    -1.9903347979736417,
    -1.9903347979736417,
    -1.0231599619763472,
    -1.0231599619763472,
    -1.0231599619763472,
    -1.0231599619763472,
    -1.0035681085432842,
    -0.09742903055373375,
    -0.010883105078889344,
    -0.010883105078889344,
    -0.010883105078889344,
    -0.010883105078889344,
    -0.010883105078889344,
    -0.010883105078889344,
    -0.010883105078889344,
    -0.010883105078889344,
    -0.010883105078889344,
    -0.010883105078889344
  ],
  "error": null,
  "pos_hist": [
    [
      2.3898129153082355,
      -0.9375348720433694
    ],
    [
      1.3867555842821622,
      -2.9457439155023866
    ],
    [
      1.3867555842821622,
      -2.9457439155023866
    ],
    [
      1.5064705156103626,
      -2.0047982992470628
    ],
    [
      1.5064705156103626,
      -2.0047982992470628
    ],
    [
      1.5064705156103626,
      -2.0047982992470628
    ],
    [
      1.5038811598121355,
      -2.988131269134398
    ],
    [
      1.5038811598121355,
      -2.988131269134398
    ],
    [
      1.5038811598121355,
      -2.988131269134398
    ],
    [
      1.5038811598121355,
      -2.988131269134398
    ],
    [
      2.497212971715732,
      -3.9889868027121103
    ],
    [
      2.517231474317571,
      -3.013949264995381
    ],
    [
      2.500055534861324,
      -2.9925930225058033
    ],
    [
      2.500055534861324,
      -2.9925930225058033
    ],
    [
      2.500055534861324,
      -2.9925930225058033
    ],
    [
      2.500055534861324,
      -2.9925930225058033
    ],
    [
      2.500055534861324,
      -2.9925930225058033
    ],
    [
      2.500055534861324,
      -2.9925930225058033
    ],
    [
      2.500055534861324,
      -2.9925930225058033
    ],
    [
      2.500055534861324,
      -2.9925930225058033
    ],
    [
      2.500055534861324,
      -2.9925930225058033
    ],
    [
      2.500055534861324,
      -2.9925930225058033
    ]
  ],
  "diagnostics": {
    "cache_size": 1433,
    "exact_evals": 1433,
    "surrogate_calls": 0,
    "iterations": 22,
    "time_s": 0.05654001235961914,
    "diversity_history": [
      2.8419714032896066,
      2.370229585053332,
      1.5527885626737634,
      0.8605297560595888,
      0.9515147145853439,
      1.3332829421013472,
      1.4058683530811082,
      1.2295019149110837,
      0.9671080199787547,
      0.8027502866092304,
      0.816615182219887,
      0.9082222225545125,
      0.9189173573702968,
      0.81383804236326,
      0.6193672174518889,
      0.44200543534290415,
      0.44501500333839283,
      0.5336504199244541,
      0.6124793869104248,
      0.6588463288438686,
      0.671579904015505,
      0.6700254424738793
    ],
    "surrogate_cv_history": [],
    "retrain_log": [],
    "elitist_count": 0,
    "gradient_refinements": 65
  }
}