{
  "optimizer": "COO",
  "function": "Rosenbrock_Rotated",
  "config": "optuna_Rosenbrock_Rotated_COO",
  "seed": 9,
  "status": "ok",
  "best_value": 0.0063278437065597895,
  "best_pos": [
    -1.239406,
    -0.541647
  ],
  "time_sec": 0.1217,
  "conv_hist": [
    -2.8425178225218106,
    -0.0536903732901233,
    -0.0536903732901233,
    -0.0536903732901233,
    -0.0063278437065597895,
    -0.0063278437065597895,
    -0.0063278437065597895,
    -0.0063278437065597895,
    -0.0063278437065597895,
    -0.0063278437065597895,
    -0.0063278437065597895,
    -0.0063278437065597895,
    -0.0063278437065597895,
    -0.0063278437065597895
  ],
  "error": null,
  "pos_hist": [
    [
      -0.1101299323082654,
      0.7422218590653831
    ],
    [
      -0.8376298404550522,
      -0.49208579792154183
    ],
    [
      -0.8376298404550522,
      -0.49208579792154183
    ],
    [
      -0.8376298404550522,
      -0.49208579792154183
    ],
    [
      -1.2394059837728457,
      -0.541646756501076
    ],
    [
      -1.2394059837728457,
      -0.541646756501076
    ],
    [
      -1.2394059837728457,
      -0.541646756501076
    ],
    [
      -1.2394059837728457,
      -0.541646756501076
    ],
    [
      -1.2394059837728457,
      -0.541646756501076
    ],
    [
      -1.2394059837728457,
      -0.541646756501076
    ],
    [
      -1.2394059837728457,
      -0.541646756501076
    ],
    [
      -1.2394059837728457,
      -0.541646756501076
    ],
    [
      -1.2394059837728457,
      -0.541646756501076
    ],
    [
      -1.2394059837728457,
      -0.541646756501076
    ]
  ],
  "diagnostics": {
    "cache_size": 645,
    "exact_evals": 645,
    "surrogate_calls": 0,
    "iterations": 14,
    "time_s": 0.12153911590576172,
    "diversity_history": [
      1.3113094594549142,
      1.14366458468491,
      0.7847152747013484,
      0.5108214895569128,
      0.4395170167854885,
      0.6160126139433995,
      0.6222827342830753,
      0.5787227288307671,
      0.48653808199397464,
      0.38051187385431784,
      0.2890228985368381,
      0.3209303658724475,
      0.38137917295611434,
      0.365158670262164
    ],
    "surrogate_cv_history": [],
    "retrain_log": [],
    "elitist_count": 0,
    "gradient_refinements": 19
  }
}