{
  "optimizer": "COO",
  "function": "Rosenbrock_Rotated",
  "config": "optuna_Rosenbrock_Rotated_COO",
  "seed": 8,
  "status": "ok",
  "best_value": 0.0012573780435835564,
  "best_pos": [
    -1.37506,
    -0.556118
  ],
  "time_sec": 0.1176,
  "conv_hist": [
    -9.832020125797007,
    -3.191734696832503,
    -1.3423096871937603,
    -1.2071675035210285,
    -0.4475893553887851,
    -0.0601450855161496,
    -0.003817267463226575,
    -0.003817267463226575,
    -0.003817267463226575,
    -0.003817267463226575,
    -0.003817267463226575,
    -0.003817267463226575,
    -0.0012573780435835564,
    -0.0012573780435835564,
    -0.0012573780435835564,
    -0.0012573780435835564,
    -0.0012573780435835564,
    -0.0012573780435835564,
    -0.0012573780435835564,
    -0.0012573780435835564,
    -0.0012573780435835564,
    -0.0012573780435835564
  ],
  "error": null,
  "pos_hist": [
    [
      -0.3259188580820558,
      0.725974523521443
    ],
    [
      -0.2747033263037921,
      0.9602513070419063
    ],
    [
      -0.0318748407334527,
      0.060235606608031976
    ],
    [
      -0.08795803029180428,
      -0.04456930881095246
    ],
    [
      -0.2329074030382884,
      -0.26486876364163753
    ],
    [
      -1.0481264326496775,
      -0.5348191471452675
    ],
    [
      -1.239303541802714,
      -0.547555559158945
    ],
    [
      -1.239303541802714,
      -0.547555559158945
    ],
    [
      -1.239303541802714,
      -0.547555559158945
    ],
    [
      -1.239303541802714,
      -0.547555559158945
    ],
    [
      -1.239303541802714,
      -0.547555559158945
    ],
    [
      -1.239303541802714,
      -0.547555559158945
    ],
    [
      -1.3750598070899163,
      -0.556118095375537
    ],
    [
      -1.3750598070899163,
      -0.556118095375537
    ],
    [
      -1.3750598070899163,
      -0.556118095375537
    ],
    [
      -1.3750598070899163,
      -0.556118095375537
    ],
    [
      -1.3750598070899163,
      -0.556118095375537
    ],
    [
      -1.3750598070899163,
      -0.556118095375537
    ],
    [
      -1.3750598070899163,
      -0.556118095375537
    ],
    [
      -1.3750598070899163,
      -0.556118095375537
    ],
    [
      -1.3750598070899163,
      -0.556118095375537
    ],
    [
      -1.3750598070899163,
      -0.556118095375537
    ]
  ],
  "diagnostics": {
    "cache_size": 1002,
    "exact_evals": 1002,
    "surrogate_calls": 0,
    "iterations": 22,
    "time_s": 0.11742281913757324,
    "diversity_history": [
      1.3081801227656507,
      1.1486604904763775,
      0.7728094464409632,
      0.5077353918651827,
      0.4531303193934292,
      0.6357138408869153,
      0.6629997646011365,
      0.6427901611876717,
      0.543349151244206,
      0.45910670245799584,
      0.40508359192420174,
      0.39799045408790856,
      0.41625358828424397,
      0.37377965580488404,
      0.33662884896699385,
      0.3102544494083042,
      0.32640325590831576,
      0.321988770717312,
      0.3243910846624717,
      0.3525321577695314,
      0.3240006928459932,
      0.2646922160650735
    ],
    "surrogate_cv_history": [],
    "retrain_log": [],
    "elitist_count": 0,
    "gradient_refinements": 33
  }
}