{
  "optimizer": "COO",
  "function": "Rosenbrock_Rotated",
  "config": "optuna_Rosenbrock_Rotated_COO",
  "seed": 0,
  "status": "ok",
  "best_value": 0.005533222943682464,
  "best_pos": [
    -1.311305,
    -0.554288
  ],
  "time_sec": 0.1504,
  "conv_hist": [
    -0.09577034703697729,
    -0.09577034703697729,
    -0.06901638981043928,
    -0.03174782095171018,
    -0.005533222943682464,
    -0.005533222943682464,
    -0.005533222943682464,
    -0.005533222943682464,
    -0.005533222943682464,
    -0.005533222943682464,
    -0.005533222943682464,
    -0.005533222943682464,
    -0.005533222943682464,
    -0.005533222943682464
  ],
  "error": null,
  "pos_hist": [
    [
      -1.7051520817724013,
      -0.5584994353427795
    ],
    [
      -1.7051520817724013,
      -0.5584994353427795
    ],
    [
      -1.8535175165058564,
      -0.5752182144180135
    ],
    [
      -1.1899785369124996,
      -0.5483767712443398
    ],
    [
      -1.3113052758514359,
      -0.5542880416760767
    ],
    [
      -1.3113052758514359,
      -0.5542880416760767
    ],
    [
      -1.3113052758514359,
      -0.5542880416760767
    ],
    [
      -1.3113052758514359,
      -0.5542880416760767
    ],
    [
      -1.3113052758514359,
      -0.5542880416760767
    ],
    [
      -1.3113052758514359,
      -0.5542880416760767
    ],
    [
      -1.3113052758514359,
      -0.5542880416760767
    ],
    [
      -1.3113052758514359,
      -0.5542880416760767
    ],
    [
      -1.3113052758514359,
      -0.5542880416760767
    ],
    [
      -1.3113052758514359,
      -0.5542880416760767
    ]
  ],
  "diagnostics": {
    "cache_size": 623,
    "exact_evals": 623,
    "surrogate_calls": 0,
    "iterations": 14,
    "time_s": 0.15016388893127441,
    "diversity_history": [
      1.2609193564360934,
      1.0693873636540268,
      0.6680875177352787,
      0.4299632218445174,
      0.45554796863633507,
      0.5228595146691805,
      0.4493684950194604,
      0.4097813609169021,
      0.28827952197616585,
      0.22301924102481682,
      0.2773053273498924,
      0.303506310589597,
      0.30788414033946615,
      0.34835609835545367
    ],
    "surrogate_cv_history": [],
    "retrain_log": [],
    "elitist_count": 0,
    "gradient_refinements": 13
  }
}