{
  "optimizer": "COO",
  "function": "Rosenbrock_Rotated",
  "config": "optuna_Rosenbrock_Rotated_COO",
  "seed": 2,
  "status": "ok",
  "best_value": 0.005345675945365254,
  "best_pos": [
    -1.230604,
    -0.541252
  ],
  "time_sec": 0.2714,
  "conv_hist": [
    -0.15571022881903293,
    -0.15571022881903293,
    -0.15571022881903293,
    -0.15571022881903293,
    -0.057225512393589056,
    -0.04515665183974531,
    -0.04515665183974531,
    -0.04515665183974531,
    -0.01674373537556859,
    -0.01674373537556859,
    -0.01674373537556859,
    -0.01674373537556859,
    -0.005345675945365254,
    -0.005345675945365254,
    -0.005345675945365254,
    -0.005345675945365254,
    -0.005345675945365254,
    -0.005345675945365254,
    -0.005345675945365254,
    -0.005345675945365254,
    -0.005345675945365254,
    -0.005345675945365254
  ],
  "error": null,
  "pos_hist": [
    [
      -1.3699399969788206,
      -0.5722172627600681
    ],
    [
      -1.3699399969788206,
      -0.5722172627600681
    ],
    [
      -1.3699399969788206,
      -0.5722172627600681
    ],
    [
      -1.3699399969788206,
      -0.5722172627600681
    ],
    [
      -0.8799473833790925,
      -0.49205805495410015
    ],
    [
      -1.005323523065853,
      -0.5264291201945969
    ],
    [
      -1.005323523065853,
      -0.5264291201945969
    ],
    [
      -1.005323523065853,
      -0.5264291201945969
    ],
    [
      -1.2277129310478356,
      -0.5382327741488571
    ],
    [
      -1.2277129310478356,
      -0.5382327741488571
    ],
    [
      -1.2277129310478356,
      -0.5382327741488571
    ],
    [
      -1.2277129310478356,
      -0.5382327741488571
    ],
    [
      -1.2306043386698065,
      -0.5412515598993731
    ],
    [
      -1.2306043386698065,
      -0.5412515598993731
    ],
    [
      -1.2306043386698065,
      -0.5412515598993731
    ],
    [
      -1.2306043386698065,
      -0.5412515598993731
    ],
    [
      -1.2306043386698065,
      -0.5412515598993731
    ],
    [
      -1.2306043386698065,
      -0.5412515598993731
    ],
    [
      -1.2306043386698065,
      -0.5412515598993731
    ],
    [
      -1.2306043386698065,
      -0.5412515598993731
    ],
    [
      -1.2306043386698065,
      -0.5412515598993731
    ],
    [
      -1.2306043386698065,
      -0.5412515598993731
    ]
  ],
  "diagnostics": {
    "cache_size": 1002,
    "exact_evals": 1002,
    "surrogate_calls": 0,
    "iterations": 22,
    "time_s": 0.2712275981903076,
    "diversity_history": [
      1.1699371299073884,
      1.0298293018097504,
      0.7884629269847048,
      0.450844753621383,
      0.4479016486075811,
      0.5597971769137532,
      0.5869577736407963,
      0.5392972859931472,
      0.40169529477016774,
      0.305665976230047,
      0.3242891841452572,
      0.3849911539191633,
      0.3870446524935198,
      0.3295206114496451,
      0.31229374257421594,
      0.30776580711096085,
      0.3196524487565812,
      0.31829738844260325,
      0.33089668095909225,
      0.35020035392576027,
      0.3746200428012304,
      0.3751458274090795
    ],
    "surrogate_cv_history": [],
    "retrain_log": [],
    "elitist_count": 0,
    "gradient_refinements": 23
  }
}