{
  "optimizer": "COO",
  "function": "Rosenbrock_Rotated",
  "config": "optuna_Rosenbrock_Rotated_COO",
  "seed": 5,
  "status": "ok",
  "best_value": 0.00015993150685742022,
  "best_pos": [
    -1.324387,
    -0.551586
  ],
  "time_sec": 0.142,
  "conv_hist": [
    -0.7753484241271316,
    -0.7753484241271316,
    -0.1586665634486764,
    -0.1586665634486764,
    -0.05817911523108846,
    -0.00804281298917203,
    -0.00804281298917203,
    -0.00804281298917203,
    -0.00804281298917203,
    -0.00804281298917203,
    -0.00804281298917203,
    -0.00015993150685742022,
    -0.00015993150685742022,
    -0.00015993150685742022,
    -0.00015993150685742022,
    -0.00015993150685742022,
    -0.00015993150685742022,
    -0.00015993150685742022,
    -0.00015993150685742022,
    -0.00015993150685742022,
    -0.00015993150685742022
  ],
  "error": null,
  "pos_hist": [
    [
      -0.29345388552023444,
      -0.36676052914939516
    ],
    [
      -0.29345388552023444,
      -0.36676052914939516
    ],
    [
      -1.0002295417595088,
      -0.5364346664230354
    ],
    [
      -1.0002295417595088,
      -0.5364346664230354
    ],
    [
      -0.8184416658038356,
      -0.4872992966522536
    ],
    [
      -1.424071091351433,
      -0.5615269004730482
    ],
    [
      -1.424071091351433,
      -0.5615269004730482
    ],
    [
      -1.424071091351433,
      -0.5615269004730482
    ],
    [
      -1.424071091351433,
      -0.5615269004730482
    ],
    [
      -1.424071091351433,
      -0.5615269004730482
    ],
    [
      -1.424071091351433,
      -0.5615269004730482
    ],
    [
      -1.324386725944102,
      -0.5515860624956048
    ],
    [
      -1.324386725944102,
      -0.5515860624956048
    ],
    [
      -1.324386725944102,
      -0.5515860624956048
    ],
    [
      -1.324386725944102,
      -0.5515860624956048
    ],
    [
      -1.324386725944102,
      -0.5515860624956048
    ],
    [
      -1.324386725944102,
      -0.5515860624956048
    ],
    [
      -1.324386725944102,
      -0.5515860624956048
    ],
    [
      -1.324386725944102,
      -0.5515860624956048
    ],
    [
      -1.324386725944102,
      -0.5515860624956048
    ],
    [
      -1.324386725944102,
      -0.5515860624956048
    ]
  ],
  "diagnostics": {
    "cache_size": 949,
    "exact_evals": 949,
    "surrogate_calls": 0,
    "iterations": 21,
    "time_s": 0.14181733131408691,
    "diversity_history": [
      1.3973798533815343,
      1.1247265924684537,
      0.8198304815469364,
      0.5176633514625378,
      0.5611627716248212,
      0.6163884940461921,
      0.5982881115108449,
      0.5594127283901038,
      0.4536363540433971,
      0.3747875737675983,
      0.32672915033265504,
      0.3349286994843348,
      0.3940423839499255,
      0.35439741925617974,
      0.280829555924733,
      0.247863125154136,
      0.28282065941146767,
      0.2579650067067695,
      0.29807672474056646,
      0.2906446825784613,
      0.2691905952233786
    ],
    "surrogate_cv_history": [],
    "retrain_log": [],
    "elitist_count": 0,
    "gradient_refinements": 26
  }
}