{
  "optimizer": "COO",
  "function": "Griewank",
  "config": "optuna_Griewank_COO",
  "seed": 2,
  "status": "ok",
  "best_value": 0.18625847114520022,
  "best_pos": [
    -12.636844,
    17.240325
  ],
  "time_sec": 0.3821,
  "conv_hist": [
    -2.6787190529448495,
    -2.4440841481988502,
    -1.8212862249615258,
    -0.28126541363064783,
    -0.28126541363064783,
    -0.28126541363064783,
    -0.28126541363064783,
    -0.28126541363064783,
    -0.28126541363064783,
    -0.18625847114520022,
    -0.18625847114520022,
    -0.18625847114520022,
    -0.18625847114520022,
    -0.18625847114520022,
    -0.18625847114520022,
    -0.18625847114520022,
    -0.18625847114520022,
    -0.18625847114520022,
    -0.18625847114520022
  ],
  "error": null,
  "pos_hist": [
    [
      -3.5114415185848884,
      -102.11299515037535
    ],
    [
      -64.12032208091868,
      29.953534103992958
    ],
    [
      -57.47356703940591,
      28.384897803146394
    ],
    [
      -9.161156484317798,
      -12.433354963799774
    ],
    [
      -9.161156484317798,
      -12.433354963799774
    ],
    [
      -9.161156484317798,
      -12.433354963799774
    ],
    [
      -9.161156484317798,
      -12.433354963799774
    ],
    [
      -9.161156484317798,
      -12.433354963799774
    ],
    [
      -9.161156484317798,
      -12.433354963799774
    ],
    [
      -12.63684404662937,
      17.24032484148641
    ],
    [
      -12.63684404662937,
      17.24032484148641
    ],
    [
      -12.63684404662937,
      17.24032484148641
    ],
    [
      -12.63684404662937,
      17.24032484148641
    ],
    [
      -12.63684404662937,
      17.24032484148641
    ],
    [
      -12.63684404662937,
      17.24032484148641
    ],
    [
      -12.63684404662937,
      17.24032484148641
    ],
    [
      -12.63684404662937,
      17.24032484148641
    ],
    [
      -12.63684404662937,
      17.24032484148641
    ],
    [
      -12.63684404662937,
      17.24032484148641
    ]
  ],
  "diagnostics": {
    "cache_size": 1765,
    "exact_evals": 1765,
    "surrogate_calls": 0,
    "iterations": 19,
    "time_s": 0.3586602210998535,
    "diversity_history": [
      315.89715257893914,
      256.16087254832365,
      157.21754825176944,
      52.57617765108302,
      72.22707168365653,
      132.64969246644395,
      153.92646251788742,
      135.60159355557977,
      88.9791853454864,
      32.456668789939584,
      30.183359456128386,
      59.45767394681192,
      67.78930906415053,
      55.93133870868152,
      31.979115824093093,
      10.10248122924552,
      20.88600839986858,
      30.131396930893917,
      29.83247863128808
    ],
    "surrogate_cv_history": [],
    "retrain_log": [],
    "elitist_count": 0,
    "gradient_refinements": 89
  }
}