{
  "optimizer": "COO",
  "function": "Griewank",
  "config": "optuna_Griewank_COO",
  "seed": 7,
  "status": "ok",
  "best_value": 0.11206499776659218,
  "best_pos": [
    3.089861,
    -12.806339
  ],
  "time_sec": 0.2252,
  "conv_hist": [
    -4.700696511245155,
    -3.908101415875166,
    -2.3242307331566328,
    -0.11206499776659218,
    -0.11206499776659218,
    -0.11206499776659218,
    -0.11206499776659218,
    -0.11206499776659218,
    -0.11206499776659218,
    -0.11206499776659218,
    -0.11206499776659218,
    -0.11206499776659218,
    -0.11206499776659218
  ],
  "error": null,
  "pos_hist": [
    [
      -93.15114762823157,
      -88.25571277806921
    ],
    [
      106.43072846373617,
      2.3357266276884436
    ],
    [
      -49.72070646626711,
      -63.88964865574561
    ],
    [
      3.089861143743499,
      -12.806339460506205
    ],
    [
      3.089861143743499,
      -12.806339460506205
    ],
    [
      3.089861143743499,
      -12.806339460506205
    ],
    [
      3.089861143743499,
      -12.806339460506205
    ],
    [
      3.089861143743499,
      -12.806339460506205
    ],
    [
      3.089861143743499,
      -12.806339460506205
    ],
    [
      3.089861143743499,
      -12.806339460506205
    ],
    [
      3.089861143743499,
      -12.806339460506205
    ],
    [
      3.089861143743499,
      -12.806339460506205
    ],
    [
      3.089861143743499,
      -12.806339460506205
    ]
  ],
  "diagnostics": {
    "cache_size": 1249,
    "exact_evals": 1249,
    "surrogate_calls": 0,
    "iterations": 13,
    "time_s": 0.22499680519104004,
    "diversity_history": [
      328.91432929746026,
      268.268152184824,
      166.90012385909694,
      60.64849652506493,
      78.19664987006182,
      141.23445608649087,
      164.48498454485951,
      145.85237507455028,
      96.46232490806239,
      34.36312635900565,
      29.580709593118254,
      61.48342145702442,
      70.53139979620997
    ],
    "surrogate_cv_history": [],
    "retrain_log": [],
    "elitist_count": 0,
    "gradient_refinements": 65
  }
}