{
  "optimizer": "COO",
  "function": "Griewank",
  "config": "optuna_Griewank_COO",
  "seed": 3,
  "status": "ok",
  "best_value": 0.10382322283701961,
  "best_pos": [
    9.731557,
    -4.78485
  ],
  "time_sec": 0.4031,
  "conv_hist": [
    -1.2460223706149753,
    -1.2460223706149753,
    -1.2460223706149753,
    -0.6001347746832585,
    -0.3689828459488871,
    -0.23487115369397038,
    -0.23487115369397038,
    -0.23487115369397038,
    -0.10382322283701961,
    -0.10382322283701961,
    -0.10382322283701961,
    -0.10382322283701961,
    -0.10382322283701961,
    -0.10382322283701961,
    -0.10382322283701961,
    -0.10382322283701961,
    -0.10382322283701961,
    -0.10382322283701961
  ],
  "error": null,
  "pos_hist": [
    [
      -17.886928735094216,
      -53.664766222936464
    ],
    [
      -17.886928735094216,
      -53.664766222936464
    ],
    [
      -17.886928735094216,
      -53.664766222936464
    ],
    [
      31.854850681427937,
      -16.862703805855435
    ],
    [
      -2.4436844932898882,
      22.419245225113897
    ],
    [
      -28.036831384195846,
      -4.586741264120835
    ],
    [
      -28.036831384195846,
      -4.586741264120835
    ],
    [
      -28.036831384195846,
      -4.586741264120835
    ],
    [
      9.731557017830887,
      -4.7848503768984445
    ],
    [
      9.731557017830887,
      -4.7848503768984445
    ],
    [
      9.731557017830887,
      -4.7848503768984445
    ],
    [
      9.731557017830887,
      -4.7848503768984445
    ],
    [
      9.731557017830887,
      -4.7848503768984445
    ],
    [
      9.731557017830887,
      -4.7848503768984445
    ],
    [
      9.731557017830887,
      -4.7848503768984445
    ],
    [
      9.731557017830887,
      -4.7848503768984445
    ],
    [
      9.731557017830887,
      -4.7848503768984445
    ],
    [
      9.731557017830887,
      -4.7848503768984445
    ]
  ],
  "diagnostics": {
    "cache_size": 1679,
    "exact_evals": 1679,
    "surrogate_calls": 0,
    "iterations": 18,
    "time_s": 0.4029073715209961,
    "diversity_history": [
      326.2299301314099,
      266.31929150349663,
      166.05652054448387,
      52.58831544963422,
      65.78797723144052,
      129.93776572924435,
      153.9530506744959,
      138.06759412787295,
      93.80251024158451,
      40.006048134042885,
      32.987110583790674,
      60.73164517248186,
      70.12107815007596,
      58.976331516249644,
      34.8882033303338,
      12.591621543480928,
      19.685661225423704,
      29.248774914187255
    ],
    "surrogate_cv_history": [],
    "retrain_log": [],
    "elitist_count": 0,
    "gradient_refinements": 85
  }
}