{
  "optimizer": "COO",
  "function": "Griewank",
  "config": "optuna_Griewank_COO",
  "seed": 4,
  "status": "ok",
  "best_value": 0.029751063701343394,
  "best_pos": [
    -6.263525,
    8.865866
  ],
  "time_sec": 0.4097,
  "conv_hist": [
    -4.549547296663785,
    -4.089081784211404,
    -2.2852034623074458,
    -0.6009731985650406,
    -0.3592081212182201,
    -0.3330493610235128,
    -0.2585104272456197,
    -0.2585104272456197,
    -0.2585104272456197,
    -0.029751063701343394,
    -0.029751063701343394,
    -0.029751063701343394,
    -0.029751063701343394,
    -0.029751063701343394,
    -0.029751063701343394,
    -0.029751063701343394,
    -0.029751063701343394,
    -0.029751063701343394,
    -0.029751063701343394
  ],
  "error": null,
  "pos_hist": [
    [
      17.680765095774177,
      124.27621243224769
    ],
    [
      -25.662935298883323,
      -113.82099758601134
    ],
    [
      14.322773770416335,
      75.08474260282024
    ],
    [
      18.092151125549567,
      -10.017934197994478
    ],
    [
      34.49191207457113,
      13.562803013349649
    ],
    [
      22.039939880183482,
      12.487730656994238
    ],
    [
      -15.313990611220508,
      22.177957732011222
    ],
    [
      -15.313990611220508,
      22.177957732011222
    ],
    [
      -15.313990611220508,
      22.177957732011222
    ],
    [
      -6.263525381723198,
      8.865865899731107
    ],
    [
      -6.263525381723198,
      8.865865899731107
    ],
    [
      -6.263525381723198,
      8.865865899731107
    ],
    [
      -6.263525381723198,
      8.865865899731107
    ],
    [
      -6.263525381723198,
      8.865865899731107
    ],
    [
      -6.263525381723198,
      8.865865899731107
    ],
    [
      -6.263525381723198,
      8.865865899731107
    ],
    [
      -6.263525381723198,
      8.865865899731107
    ],
    [
      -6.263525381723198,
      8.865865899731107
    ],
    [
      -6.263525381723198,
      8.865865899731107
    ]
  ],
  "diagnostics": {
    "cache_size": 1765,
    "exact_evals": 1765,
    "surrogate_calls": 0,
    "iterations": 19,
    "time_s": 0.4094865322113037,
    "diversity_history": [
      339.9207632831409,
      276.9520745731654,
      172.72344363323208,
      62.367567049621506,
      81.64166924649929,
      146.4225075097726,
      170.03655663259374,
      151.0758415611479,
      102.85088567229778,
      46.37687663159694,
      35.94048280545264,
      64.91468773779383,
      73.5559622830456,
      61.6770550568784,
      37.21573763264065,
      14.870053083374838,
      21.618863633673385,
      30.571018542200147,
      30.94409867950555
    ],
    "surrogate_cv_history": [],
    "retrain_log": [],
    "elitist_count": 0,
    "gradient_refinements": 89
  }
}