{
  "optimizer": "COO",
  "function": "Ackley_Shifted",
  "config": "optuna_Ackley_Shifted_COO",
  "seed": 1,
  "status": "ok",
  "best_value": 0.06026485382661706,
  "best_pos": [
    -1.991691,
    2.016189
  ],
  "time_sec": 0.0523,
  "conv_hist": [
    -0.979508439432458,
    -0.979508439432458,
    -0.5050665253041484,
    -0.5050665253041484,
    -0.5050665253041484,
    -0.5050665253041484,
    -0.5050665253041484,
    -0.5050665253041484,
    -0.5050665253041484,
    -0.06026485382661706,
    -0.06026485382661706,
    -0.06026485382661706,
    -0.06026485382661706,
    -0.06026485382661706,
    -0.06026485382661706,
    -0.06026485382661706,
    -0.06026485382661706,
    -0.06026485382661706,
    -0.06026485382661706
  ],
  "error": null,
  "pos_hist": [
    [
      -1.8657582184075716,
      1.9232261566931408
    ],
    [
      -1.8657582184075716,
      1.9232261566931408
    ],
    [
      -2.0013980249899137,
      2.0967914890990067
    ],
    [
      -2.0013980249899137,
      2.0967914890990067
    ],
    [
      -2.0013980249899137,
      2.0967914890990067
    ],
    [
      -2.0013980249899137,
      2.0967914890990067
    ],
    [
      -2.0013980249899137,
      2.0967914890990067
    ],
    [
      -2.0013980249899137,
      2.0967914890990067
    ],
    [
      -2.0013980249899137,
      2.0967914890990067
    ],
    [
      -1.9916905308493515,
      2.016188815422151
    ],
    [
      -1.9916905308493515,
      2.016188815422151
    ],
    [
      -1.9916905308493515,
      2.016188815422151
    ],
    [
      -1.9916905308493515,
      2.016188815422151
    ],
    [
      -1.9916905308493515,
      2.016188815422151
    ],
    [
      -1.9916905308493515,
      2.016188815422151
    ],
    [
      -1.9916905308493515,
      2.016188815422151
    ],
    [
      -1.9916905308493515,
      2.016188815422151
    ],
    [
      -1.9916905308493515,
      2.016188815422151
    ],
    [
      -1.9916905308493515,
      2.016188815422151
    ]
  ],
  "diagnostics": {
    "cache_size": 1183,
    "exact_evals": 1183,
    "surrogate_calls": 0,
    "iterations": 19,
    "time_s": 0.052031755447387695,
    "diversity_history": [
      2.9066330144887975,
      2.3947431028017343,
      1.4967333541960213,
      0.7179920175305692,
      0.9719864893401218,
      1.3669540316626234,
      1.4107815198050728,
      1.2306136682313862,
      0.8699318392780229,
      0.6209044036430738,
      0.7121295803846481,
      0.8324334727811488,
      0.8235625691685073,
      0.6480142410528714,
      0.45343509956152317,
      0.405271543202653,
      0.46515331308501406,
      0.5309347176073476,
      0.46766262375428735
    ],
    "surrogate_cv_history": [],
    "retrain_log": [],
    "elitist_count": 0,
    "gradient_refinements": 57
  }
}