{
  "optimizer": "COO",
  "function": "Ackley_Shifted",
  "config": "optuna_Ackley_Shifted_COO",
  "seed": 0,
  "status": "ok",
  "best_value": 0.013471818345103248,
  "best_pos": [
    -1.998761,
    2.004395
  ],
  "time_sec": 0.1405,
  "conv_hist": [
    -4.1952020245702215,
    -3.7863185752968396,
    -2.599432910600463,
    -0.34449328700644033,
    -0.0714432596173542,
    -0.0714432596173542,
    -0.013471818345103248,
    -0.013471818345103248,
    -0.013471818345103248,
    -0.013471818345103248,
    -0.013471818345103248,
    -0.013471818345103248,
    -0.013471818345103248,
    -0.013471818345103248,
    -0.013471818345103248,
    -0.013471818345103248
  ],
  "error": null,
  "pos_hist": [
    [
      -2.35444387895373,
      2.7423368943421664
    ],
    [
      -1.2333103379014398,
      1.7582170518679423
    ],
    [
      -2.97833465350742,
      1.9902862314681091
    ],
    [
      -1.9514955083958752,
      1.9452354349473955
    ],
    [
      -2.002411328227082,
      2.020949333787232
    ],
    [
      -2.002411328227082,
      2.020949333787232
    ],
    [
      -1.9987611786746298,
      2.004395460946844
    ],
    [
      -1.9987611786746298,
      2.004395460946844
    ],
    [
      -1.9987611786746298,
      2.004395460946844
    ],
    [
      -1.9987611786746298,
      2.004395460946844
    ],
    [
      -1.9987611786746298,
      2.004395460946844
    ],
    [
      -1.9987611786746298,
      2.004395460946844
    ],
    [
      -1.9987611786746298,
      2.004395460946844
    ],
    [
      -1.9987611786746298,
      2.004395460946844
    ],
    [
      -1.9987611786746298,
      2.004395460946844
    ],
    [
      -1.9987611786746298,
      2.004395460946844
    ]
  ],
  "diagnostics": {
    "cache_size": 1004,
    "exact_evals": 1004,
    "surrogate_calls": 0,
    "iterations": 16,
    "time_s": 0.06179952621459961,
    "diversity_history": [
      2.8538845168174913,
      2.450635945196354,
      1.682642898268781,
      1.0906319961129034,
      1.087572475812583,
      1.328555045289834,
      1.339343029953298,
      1.1683906120427592,
      0.9040782214075709,
      0.6250229191092023,
      0.6430056725825617,
      0.7506964865024919,
      0.7794083551472046,
      0.6373157731013834,
      0.4534842408990159,
      0.40804091423827343
    ],
    "surrogate_cv_history": [],
    "retrain_log": [],
    "elitist_count": 0,
    "gradient_refinements": 48
  }
}