{
  "optimizer": "COO",
  "function": "Ackley_Shifted",
  "config": "optuna_Ackley_Shifted_COO",
  "seed": 9,
  "status": "ok",
  "best_value": 0.003020341166806606,
  "best_pos": [
    -1.999447,
    2.000901
  ],
  "time_sec": 0.0944,
  "conv_hist": [
    -2.7997226074719213,
    -2.684409948100758,
    -2.6445777464971916,
    -1.23037167803361,
    -0.9267869507192086,
    -0.3612601249022025,
    -0.3612601249022025,
    -0.3612601249022025,
    -0.1695290917115675,
    -0.1695290917115675,
    -0.003020341166806606,
    -0.003020341166806606,
    -0.003020341166806606,
    -0.003020341166806606,
    -0.003020341166806606,
    -0.003020341166806606,
    -0.003020341166806606,
    -0.003020341166806606,
    -0.003020341166806606,
    -0.003020341166806606
  ],
  "error": null,
  "pos_hist": [
    [
      -1.1352283038533462,
      1.9443867776445822
    ],
    [
      -0.9872450998422013,
      1.9799402021579944
    ],
    [
      -2.0460335847842934,
      2.9686579398245407
    ],
    [
      -1.8149677938550224,
      2.0151157790762833
    ],
    [
      -1.977852473767322,
      1.8517382677523357
    ],
    [
      -1.9919987527285734,
      1.9244956173787404
    ],
    [
      -1.9919987527285734,
      1.9244956173787404
    ],
    [
      -1.9919987527285734,
      1.9244956173787404
    ],
    [
      -1.991511553257728,
      2.0420312655242614
    ],
    [
      -1.991511553257728,
      2.0420312655242614
    ],
    [
      -1.9994466632637933,
      2.0009009766428205
    ],
    [
      -1.9994466632637933,
      2.0009009766428205
    ],
    [
      -1.9994466632637933,
      2.0009009766428205
    ],
    [
      -1.9994466632637933,
      2.0009009766428205
    ],
    [
      -1.9994466632637933,
      2.0009009766428205
    ],
    [
      -1.9994466632637933,
      2.0009009766428205
    ],
    [
      -1.9994466632637933,
      2.0009009766428205
    ],
    [
      -1.9994466632637933,
      2.0009009766428205
    ],
    [
      -1.9994466632637933,
      2.0009009766428205
    ],
    [
      -1.9994466632637933,
      2.0009009766428205
    ]
  ],
  "diagnostics": {
    "cache_size": 1242,
    "exact_evals": 1242,
    "surrogate_calls": 0,
    "iterations": 20,
    "time_s": 0.08510255813598633,
    "diversity_history": [
      2.7891346133718775,
      2.270644822768709,
      1.4699411448570574,
      0.8729289767764956,
      0.9248426877424754,
      1.2660842671999695,
      1.3556602109904543,
      1.1780764833174175,
      0.8233775217382417,
      0.5641054912087362,
      0.6166685371431704,
      0.6797280997099033,
      0.6078032292451367,
      0.5374871731734876,
      0.4402600636980718,
      0.44231795699201404,
      0.4307516006242096,
      0.45343943448430835,
      0.39982777448170814,
      0.36418790930394657
    ],
    "surrogate_cv_history": [],
    "retrain_log": [],
    "elitist_count": 0,
    "gradient_refinements": 60
  }
}