{
  "optimizer": "COO",
  "function": "Ackley_Shifted",
  "config": "optuna_Ackley_Shifted_COO",
  "seed": 6,
  "status": "ok",
  "best_value": 0.004364659115090763,
  "best_pos": [
    -1.999066,
    1.998799
  ],
  "time_sec": 0.1133,
  "conv_hist": [
    -3.4997373728008623,
    -1.978042139267036,
    -1.978042139267036,
    -0.3667056440571632,
    -0.3667056440571632,
    -0.3667056440571632,
    -0.3667056440571632,
    -0.3667056440571632,
    -0.3667056440571632,
    -0.004364659115090763,
    -0.004364659115090763,
    -0.004364659115090763,
    -0.004364659115090763,
    -0.004364659115090763,
    -0.004364659115090763,
    -0.004364659115090763,
    -0.004364659115090763,
    -0.004364659115090763,
    -0.004364659115090763
  ],
  "error": null,
  "pos_hist": [
    [
      -1.6519395549737648,
      2.3473504371365097
    ],
    [
      -1.8302427364312872,
      2.2026575357232487
    ],
    [
      -1.8302427364312872,
      2.2026575357232487
    ],
    [
      -1.9271071632580647,
      2.0238486699435105
    ],
    [
      -1.9271071632580647,
      2.0238486699435105
    ],
    [
      -1.9271071632580647,
      2.0238486699435105
    ],
    [
      -1.9271071632580647,
      2.0238486699435105
    ],
    [
      -1.9271071632580647,
      2.0238486699435105
    ],
    [
      -1.9271071632580647,
      2.0238486699435105
    ],
    [
      -1.999066495409201,
      1.9987987190292171
    ],
    [
      -1.999066495409201,
      1.9987987190292171
    ],
    [
      -1.999066495409201,
      1.9987987190292171
    ],
    [
      -1.999066495409201,
      1.9987987190292171
    ],
    [
      -1.999066495409201,
      1.9987987190292171
    ],
    [
      -1.999066495409201,
      1.9987987190292171
    ],
    [
      -1.999066495409201,
      1.9987987190292171
    ],
    [
      -1.999066495409201,
      1.9987987190292171
    ],
    [
      -1.999066495409201,
      1.9987987190292171
    ],
    [
      -1.999066495409201,
      1.9987987190292171
    ]
  ],
  "diagnostics": {
    "cache_size": 1185,
    "exact_evals": 1185,
    "surrogate_calls": 0,
    "iterations": 19,
    "time_s": 0.11304807662963867,
    "diversity_history": [
      2.723281089032599,
      2.20670953841256,
      1.3418167094610793,
      0.5188912858610734,
      0.8108874016308694,
      1.2456424672083393,
      1.3263676314046586,
      1.134400194667398,
      0.8005039659773043,
      0.46630933345433523,
      0.5390740063075155,
      0.6740378485032266,
      0.672236445334078,
      0.5209270295370574,
      0.36260936862655,
      0.3333020560092664,
      0.3752083740618368,
      0.3978269176339897,
      0.37765263051283404
    ],
    "surrogate_cv_history": [],
    "retrain_log": [],
    "elitist_count": 0,
    "gradient_refinements": 57
  }
}