{
  "optimizer": "COO",
  "function": "Ackley_Shifted",
  "config": "optuna_Ackley_Shifted_COO",
  "seed": 8,
  "status": "ok",
  "best_value": 0.13606926126088625,
  "best_pos": [
    -1.964212,
    1.995909
  ],
  "time_sec": 0.0626,
  "conv_hist": [
    -4.560273060862933,
    -3.2938171732504355,
    -3.237080989310503,
    -0.13606926126088625,
    -0.13606926126088625,
    -0.13606926126088625,
    -0.13606926126088625,
    -0.13606926126088625,
    -0.13606926126088625,
    -0.13606926126088625,
    -0.13606926126088625,
    -0.13606926126088625,
    -0.13606926126088625
  ],
  "error": null,
  "pos_hist": [
    [
      -1.19041110796147,
      2.641601313659601
    ],
    [
      -1.0613676715449574,
      2.1822090960936937
    ],
    [
      -0.9943219211956804,
      2.158507352067683
    ],
    [
      -1.9642120703261512,
      1.9959088209443974
    ],
    [
      -1.9642120703261512,
      1.9959088209443974
    ],
    [
      -1.9642120703261512,
      1.9959088209443974
    ],
    [
      -1.9642120703261512,
      1.9959088209443974
    ],
    [
      -1.9642120703261512,
      1.9959088209443974
    ],
    [
      -1.9642120703261512,
      1.9959088209443974
    ],
    [
      -1.9642120703261512,
      1.9959088209443974
    ],
    [
      -1.9642120703261512,
      1.9959088209443974
    ],
    [
      -1.9642120703261512,
      1.9959088209443974
    ],
    [
      -1.9642120703261512,
      1.9959088209443974
    ]
  ],
  "diagnostics": {
    "cache_size": 825,
    "exact_evals": 825,
    "surrogate_calls": 0,
    "iterations": 13,
    "time_s": 0.06233096122741699,
    "diversity_history": [
      2.767499385731991,
      2.2447188726331415,
      1.4975142615138375,
      0.7291569296577631,
      0.8906893795397384,
      1.2500940669114486,
      1.3456395680802937,
      1.1688012072607803,
      0.8539062663236612,
      0.6116939618615433,
      0.6543468686873496,
      0.7545644363335919,
      0.7276209913017737
    ],
    "surrogate_cv_history": [],
    "retrain_log": [],
    "elitist_count": 0,
    "gradient_refinements": 39
  }
}