{
  "optimizer": "COO",
  "function": "Schwefel_Shifted",
  "config": "optuna_Schwefel_Shifted_COO",
  "seed": 5,
  "status": "ok",
  "best_value": -398.0246397412975,
  "best_pos": [
    -459.997283,
    500.0
  ],
  "time_sec": 0.1108,
  "conv_hist": [
    -86.09732003777754,
    -86.09732003777754,
    -86.09732003777754,
    8.49388567553251,
    98.50967342155968,
    98.50967342155968,
    118.88226631365819,
    298.1444476712484,
    327.66892770483764,
    373.13473641971495,
    397.1695726480061,
    398.0246397412975,
    398.0246397412975,
    398.0246397412975,
    398.0246397412975,
    398.0246397412975,
    398.0246397412975,
    398.0246397412975,
    398.0246397412975,
    398.0246397412975,
    398.0246397412975
  ],
  "error": null,
  "pos_hist": [
    [
      -419.25873123512514,
      238.44029619897003
    ],
    [
      -419.25873123512514,
      238.44029619897003
    ],
    [
      -419.25873123512514,
      238.44029619897003
    ],
    [
      -433.81650617596426,
      200.47689448788464
    ],
    [
      -464.08503980956283,
      203.751664011058
    ],
    [
      -464.08503980956283,
      203.751664011058
    ],
    [
      -499.97674852786855,
      486.17900235851
    ],
    [
      -430.39498282103926,
      500.0
    ],
    [
      -435.1457923412481,
      500.0
    ],
    [
      -470.5553287777531,
      498.04867234886206
    ],
    [
      -461.8888070905437,
      500.0
    ],
    [
      -459.9972828946241,
      500.0
    ],
    [
      -459.9972828946241,
      500.0
    ],
    [
      -459.9972828946241,
      500.0
    ],
    [
      -459.9972828946241,
      500.0
    ],
    [
      -459.9972828946241,
      500.0
    ],
    [
      -459.9972828946241,
      500.0
    ],
    [
      -459.9972828946241,
      500.0
    ],
    [
      -459.9972828946241,
      500.0
    ],
    [
      -459.9972828946241,
      500.0
    ],
    [
      -459.9972828946241,
      500.0
    ]
  ],
  "diagnostics": {
    "cache_size": 1685,
    "exact_evals": 1685,
    "surrogate_calls": 0,
    "iterations": 21,
    "time_s": 0.11048579216003418,
    "diversity_history": [
      304.80823727611335,
      254.00469822030266,
      182.90894539333442,
      132.55593564857696,
      138.41300052969544,
      170.33655167377867,
      186.12224197091987,
      197.88368893358495,
      210.22447042327985,
      224.25145097906173,
      224.4148432842668,
      218.31579047871824,
      210.7319674837222,
      202.55649410443388,
      191.6088120181309,
      177.6953203686665,
      163.82082081317623,
      151.10855270653477,
      139.76736038553483,
      130.15461438637828,
      121.89932411230815
    ],
    "surrogate_cv_history": [],
    "retrain_log": [],
    "elitist_count": 0,
    "gradient_refinements": 84
  }
}