{
  "optimizer": "COO",
  "function": "Schwefel_Shifted",
  "config": "optuna_Schwefel_Shifted_COO",
  "seed": 8,
  "status": "ok",
  "best_value": -398.1141466487495,
  "best_pos": [
    -459.05174,
    500.0
  ],
  "time_sec": 0.1153,
  "conv_hist": [
    217.45947724690222,
    217.45947724690222,
    217.45947724690222,
    217.45947724690222,
    394.168938253448,
    394.168938253448,
    394.168938253448,
    397.8855282211855,
    397.8855282211855,
    397.8855282211855,
    397.8855282211855,
    397.8855282211855,
    397.8855282211855,
    398.1141466487495,
    398.1141466487495,
    398.1141466487495,
    398.1141466487495,
    398.1141466487495,
    398.1141466487495,
    398.1141466487495,
    398.1141466487495,
    398.1141466487495,
    398.1141466487495
  ],
  "error": null,
  "pos_hist": [
    [
      -434.1916122127886,
      482.87054655343377
    ],
    [
      -434.1916122127886,
      482.87054655343377
    ],
    [
      -434.1916122127886,
      482.87054655343377
    ],
    [
      -434.1916122127886,
      482.87054655343377
    ],
    [
      -464.74624005606944,
      500.0
    ],
    [
      -464.74624005606944,
      500.0
    ],
    [
      -464.74624005606944,
      500.0
    ],
    [
      -457.7972514890436,
      500.0
    ],
    [
      -457.7972514890436,
      500.0
    ],
    [
      -457.7972514890436,
      500.0
    ],
    [
      -457.7972514890436,
      500.0
    ],
    [
      -457.7972514890436,
      500.0
    ],
    [
      -457.7972514890436,
      500.0
    ],
    [
      -459.0517395489335,
      500.0
    ],
    [
      -459.0517395489335,
      500.0
    ],
    [
      -459.0517395489335,
      500.0
    ],
    [
      -459.0517395489335,
      500.0
    ],
    [
      -459.0517395489335,
      500.0
    ],
    [
      -459.0517395489335,
      500.0
    ],
    [
      -459.0517395489335,
      500.0
    ],
    [
      -459.0517395489335,
      500.0
    ],
    [
      -459.0517395489335,
      500.0
    ],
    [
      -459.0517395489335,
      500.0
    ]
  ],
  "diagnostics": {
    "cache_size": 1750,
    "exact_evals": 1750,
    "surrogate_calls": 0,
    "iterations": 23,
    "time_s": 0.11513352394104004,
    "diversity_history": [
      283.68041211458205,
      241.72114398437546,
      188.45065345531253,
      170.01869557920074,
      191.63392339695264,
      196.4658610893928,
      201.72455230114892,
      204.53902068065935,
      210.47940037742433,
      222.9252312395504,
      233.10570291215214,
      231.94076579809595,
      227.6044598675278,
      221.9008237512713,
      215.74356438277246,
      210.02792208426754,
      204.1168228800172,
      195.9951238132497,
      187.09943397731254,
      177.88174893646533,
      170.38100320331802,
      164.68902580275045,
      160.31872187455906
    ],
    "surrogate_cv_history": [],
    "retrain_log": [],
    "elitist_count": 0,
    "gradient_refinements": 92
  }
}