{
  "optimizer": "COO",
  "function": "Schwefel_Shifted",
  "config": "optuna_Schwefel_Shifted_COO",
  "seed": 2,
  "status": "ok",
  "best_value": -206.13413154359682,
  "best_pos": [
    500.0,
    500.0
  ],
  "time_sec": 0.1425,
  "conv_hist": [
    -44.024574830719985,
    -44.024574830719985,
    -44.024574830719985,
    -44.024574830719985,
    206.13413154359682,
    206.13413154359682,
    206.13413154359682,
    206.13413154359682,
    206.13413154359682,
    206.13413154359682,
    206.13413154359682,
    206.13413154359682,
    206.13413154359682,
    206.13413154359682
  ],
  "error": null,
  "pos_hist": [
    [
      493.8520114212729,
      470.5803133771735
    ],
    [
      493.8520114212729,
      470.5803133771735
    ],
    [
      493.8520114212729,
      470.5803133771735
    ],
    [
      493.8520114212729,
      470.5803133771735
    ],
    [
      500.0,
      500.0
    ],
    [
      500.0,
      500.0
    ],
    [
      500.0,
      500.0
    ],
    [
      500.0,
      500.0
    ],
    [
      500.0,
      500.0
    ],
    [
      500.0,
      500.0
    ],
    [
      500.0,
      500.0
    ],
    [
      500.0,
      500.0
    ],
    [
      500.0,
      500.0
    ],
    [
      500.0,
      500.0
    ]
  ],
  "diagnostics": {
    "cache_size": 849,
    "exact_evals": 849,
    "surrogate_calls": 0,
    "iterations": 14,
    "time_s": 0.13188934326171875,
    "diversity_history": [
      260.65820258436287,
      227.68069624667325,
      207.20455628596252,
      235.26764821655195,
      277.18150977436073,
      296.54732233348943,
      308.83994821937847,
      308.9730002803859,
      311.8099257317923,
      315.93835698304844,
      313.35424824055644,
      310.57059103907386,
      306.75210516567745,
      304.2821301547226
    ],
    "surrogate_cv_history": [],
    "retrain_log": [],
    "elitist_count": 0,
    "gradient_refinements": 14
  }
}