{
  "optimizer": "COO",
  "function": "Schwefel_Shifted",
  "config": "optuna_Schwefel_Shifted_COO",
  "seed": 0,
  "status": "ok",
  "best_value": -398.1120997101275,
  "best_pos": [
    -458.988479,
    500.0
  ],
  "time_sec": 0.1749,
  "conv_hist": [
    -25.451448941102285,
    -11.931870442812397,
    2.103335335087195,
    11.34088676273052,
    105.07897360400045,
    125.61837505665494,
    198.4835414804345,
    198.4835414804345,
    198.4835414804345,
    330.6564478104274,
    348.09520378425964,
    364.649248524624,
    364.649248524624,
    382.6173276468887,
    393.041592962672,
    397.8669472641129,
    398.1120997101275,
    398.1120997101275,
    398.1120997101275,
    398.1120997101275,
    398.1120997101275,
    398.1120997101275,
    398.1120997101275,
    398.1120997101275,
    398.1120997101275,
    398.1120997101275
  ],
  "error": null,
  "pos_hist": [
    [
      -435.85250365121567,
      192.47211937001987
    ],
    [
      -435.05071650420444,
      195.37533232039826
    ],
    [
      -434.0272205768322,
      198.9629073845645
    ],
    [
      -432.4615347962256,
      202.8889922905423
    ],
    [
      -446.85065434246826,
      210.29484486012046
    ],
    [
      -451.89257643397707,
      214.0804832876013
    ],
    [
      -499.9730820286187,
      500.0
    ],
    [
      -499.9730820286187,
      500.0
    ],
    [
      -499.9730820286187,
      500.0
    ],
    [
      -482.4530829620713,
      500.0
    ],
    [
      -479.17280825623436,
      500.0
    ],
    [
      -475.49562357124984,
      500.0
    ],
    [
      -475.49562357124984,
      500.0
    ],
    [
      -470.251610773439,
      500.0
    ],
    [
      -465.4959743437196,
      500.0
    ],
    [
      -457.7436642491992,
      500.0
    ],
    [
      -458.98847946329056,
      500.0
    ],
    [
      -458.98847946329056,
      500.0
    ],
    [
      -458.98847946329056,
      500.0
    ],
    [
      -458.98847946329056,
      500.0
    ],
    [
      -458.98847946329056,
      500.0
    ],
    [
      -458.98847946329056,
      500.0
    ],
    [
      -458.98847946329056,
      500.0
    ],
    [
      -458.98847946329056,
      500.0
    ],
    [
      -458.98847946329056,
      500.0
    ],
    [
      -458.98847946329056,
      500.0
    ]
  ],
  "diagnostics": {
    "cache_size": 2062,
    "exact_evals": 2062,
    "surrogate_calls": 0,
    "iterations": 26,
    "time_s": 0.1746044158935547,
    "diversity_history": [
      284.0279759655367,
      243.20181039747723,
      190.75802808326804,
      160.3216013693929,
      170.45390225856573,
      178.32169028798523,
      177.78796016421336,
      163.4359936329773,
      144.70916138853167,
      134.75470814086847,
      129.24437786527926,
      126.0203116740866,
      125.23654249503876,
      120.29050276763473,
      113.74230842341545,
      106.97979937120758,
      99.12996186672234,
      88.84625652613131,
      75.67015746348754,
      62.8185452866768,
      50.8979143933326,
      43.42818018300519,
      38.176195796433305,
      33.74522849857589,
      29.858639881359792,
      24.892891167498995
    ],
    "surrogate_cv_history": [],
    "retrain_log": [],
    "elitist_count": 0,
    "gradient_refinements": 104
  }
}