{
  "optimizer": "COO",
  "function": "Schwefel_Shifted",
  "config": "optuna_Schwefel_Shifted_COO",
  "seed": 1,
  "status": "ok",
  "best_value": -398.11490997904275,
  "best_pos": [
    -459.090974,
    500.0
  ],
  "time_sec": 0.1503,
  "conv_hist": [
    -29.28121604100079,
    -9.85866088622356,
    71.98765458494506,
    120.68524815243836,
    135.98180468951432,
    141.83348410982876,
    371.93024147257324,
    382.4820519984146,
    382.4820519984146,
    397.9039773039924,
    398.1046236745269,
    398.1046236745269,
    398.11490997904275,
    398.11490997904275,
    398.11490997904275,
    398.11490997904275,
    398.11490997904275,
    398.11490997904275,
    398.11490997904275,
    398.11490997904275,
    398.11490997904275,
    398.11490997904275
  ],
  "error": null,
  "pos_hist": [
    [
      -481.7117226558082,
      250.1443149449675
    ],
    [
      -471.1775226722751,
      187.73970327813214
    ],
    [
      -472.72711051083127,
      239.53081548697992
    ],
    [
      -450.753738878574,
      229.2561932495791
    ],
    [
      -459.421773655951,
      216.80214769383355
    ],
    [
      -475.6093739518644,
      469.9092927852408
    ],
    [
      -473.59669492160407,
      500.0
    ],
    [
      -470.30010822514254,
      500.0
    ],
    [
      -470.30010822514254,
      500.0
    ],
    [
      -457.85264680879635,
      500.0
    ],
    [
      -459.4402200759779,
      500.0
    ],
    [
      -459.4402200759779,
      500.0
    ],
    [
      -459.0909743059335,
      500.0
    ],
    [
      -459.0909743059335,
      500.0
    ],
    [
      -459.0909743059335,
      500.0
    ],
    [
      -459.0909743059335,
      500.0
    ],
    [
      -459.0909743059335,
      500.0
    ],
    [
      -459.0909743059335,
      500.0
    ],
    [
      -459.0909743059335,
      500.0
    ],
    [
      -459.0909743059335,
      500.0
    ],
    [
      -459.0909743059335,
      500.0
    ],
    [
      -459.0909743059335,
      500.0
    ]
  ],
  "diagnostics": {
    "cache_size": 1678,
    "exact_evals": 1678,
    "surrogate_calls": 0,
    "iterations": 22,
    "time_s": 0.1500711441040039,
    "diversity_history": [
      297.2631470405461,
      248.9886848396748,
      168.40375657434794,
      74.73947856240729,
      28.86180209194402,
      57.85228913154784,
      72.44023138188763,
      62.28219672663192,
      40.13592911883732,
      15.756741661864815,
      9.678228710533423,
      11.842289423650183,
      13.931862902748257,
      14.44899481624271,
      12.497157054905156,
      9.333823811815419,
      7.874558437961791,
      8.239597710038534,
      8.374630684296985,
      7.325353773027246,
      6.131908055866342,
      5.710631528365368
    ],
    "surrogate_cv_history": [],
    "retrain_log": [],
    "elitist_count": 0,
    "gradient_refinements": 88
  }
}