{
  "optimizer": "COO",
  "function": "Schwefel_Shifted",
  "config": "optuna_Schwefel_Shifted_COO",
  "seed": 7,
  "status": "ok",
  "best_value": -398.1153273860159,
  "best_pos": [
    -459.151553,
    500.0
  ],
  "time_sec": 0.2394,
  "conv_hist": [
    -173.83048699784376,
    -166.6551146855278,
    -120.73157722718884,
    -120.73157722718884,
    -120.73157722718884,
    346.88119399937136,
    395.87672768591165,
    396.22840046559804,
    396.47203501859576,
    398.08984557564236,
    398.08984557564236,
    398.08984557564236,
    398.08984557564236,
    398.08984557564236,
    398.1153273860159,
    398.1153273860159,
    398.1153273860159,
    398.1153273860159,
    398.1153273860159,
    398.1153273860159,
    398.1153273860159,
    398.1153273860159,
    398.1153273860159,
    398.1153273860159
  ],
  "error": null,
  "pos_hist": [
    [
      -407.73765415324795,
      209.3943937252127
    ],
    [
      -407.8514786230024,
      211.72546986294594
    ],
    [
      -206.4509452834379,
      219.3284939571889
    ],
    [
      -206.4509452834379,
      219.3284939571889
    ],
    [
      -206.4509452834379,
      219.3284939571889
    ],
    [
      -438.75303855591795,
      500.0
    ],
    [
      -454.92774579606106,
      500.0
    ],
    [
      -463.01903347915805,
      500.0
    ],
    [
      -462.760538283951,
      500.0
    ],
    [
      -458.69868904805367,
      500.0
    ],
    [
      -458.69868904805367,
      500.0
    ],
    [
      -458.69868904805367,
      500.0
    ],
    [
      -458.69868904805367,
      500.0
    ],
    [
      -458.69868904805367,
      500.0
    ],
    [
      -459.1515531013412,
      500.0
    ],
    [
      -459.1515531013412,
      500.0
    ],
    [
      -459.1515531013412,
      500.0
    ],
    [
      -459.1515531013412,
      500.0
    ],
    [
      -459.1515531013412,
      500.0
    ],
    [
      -459.1515531013412,
      500.0
    ],
    [
      -459.1515531013412,
      500.0
    ],
    [
      -459.1515531013412,
      500.0
    ],
    [
      -459.1515531013412,
      500.0
    ],
    [
      -459.1515531013412,
      500.0
    ]
  ],
  "diagnostics": {
    "cache_size": 1885,
    "exact_evals": 1885,
    "surrogate_calls": 0,
    "iterations": 24,
    "time_s": 0.23921489715576172,
    "diversity_history": [
      269.2448133309646,
      225.4945329220808,
      171.9435954650221,
      143.57342142389749,
      173.33341716189477,
      224.44167469352357,
      237.6141443409338,
      233.1576266684441,
      221.92365621587345,
      220.3457231387552,
      229.0807459856567,
      228.2865304670673,
      224.72313020514818,
      219.45388128124503,
      212.8352312810134,
      205.84796882796948,
      198.9090994278245,
      190.71732090178443,
      181.98754207292754,
      172.70987562330643,
      165.36351999889197,
      159.71546616312511,
      154.64559053922653,
      150.87121379806422
    ],
    "surrogate_cv_history": [],
    "retrain_log": [],
    "elitist_count": 0,
    "gradient_refinements": 96
  }
}