{
  "optimizer": "COO",
  "function": "Schwefel_Shifted",
  "config": "optuna_Schwefel_Shifted_COO",
  "seed": 6,
  "status": "ok",
  "best_value": -398.11526484620686,
  "best_pos": [
    -459.171109,
    500.0
  ],
  "time_sec": 0.1122,
  "conv_hist": [
    114.38380063309421,
    114.38380063309421,
    132.67843066540593,
    132.67843066540593,
    132.67843066540593,
    132.67843066540593,
    198.4835414804345,
    198.4835414804345,
    398.1137737402787,
    398.1137737402787,
    398.1137737402787,
    398.1137737402787,
    398.11526484620686,
    398.11526484620686,
    398.11526484620686,
    398.11526484620686,
    398.11526484620686,
    398.11526484620686,
    398.11526484620686,
    398.11526484620686,
    398.11526484620686,
    398.11526484620686
  ],
  "error": null,
  "pos_hist": [
    [
      -445.5254921776454,
      218.63723656419427
    ],
    [
      -445.5254921776454,
      218.63723656419427
    ],
    [
      -453.5914385474256,
      217.38097286268425
    ],
    [
      -453.5914385474256,
      217.38097286268425
    ],
    [
      -453.5914385474256,
      217.38097286268425
    ],
    [
      -453.5914385474256,
      217.38097286268425
    ],
    [
      -499.9730820286187,
      500.0
    ],
    [
      -499.9730820286187,
      500.0
    ],
    [
      -459.03749932990644,
      500.0
    ],
    [
      -459.03749932990644,
      500.0
    ],
    [
      -459.03749932990644,
      500.0
    ],
    [
      -459.03749932990644,
      500.0
    ],
    [
      -459.171109379328,
      500.0
    ],
    [
      -459.171109379328,
      500.0
    ],
    [
      -459.171109379328,
      500.0
    ],
    [
      -459.171109379328,
      500.0
    ],
    [
      -459.171109379328,
      500.0
    ],
    [
      -459.171109379328,
      500.0
    ],
    [
      -459.171109379328,
      500.0
    ],
    [
      -459.171109379328,
      500.0
    ],
    [
      -459.171109379328,
      500.0
    ],
    [
      -459.171109379328,
      500.0
    ]
  ],
  "diagnostics": {
    "cache_size": 1701,
    "exact_evals": 1701,
    "surrogate_calls": 0,
    "iterations": 22,
    "time_s": 0.11199665069580078,
    "diversity_history": [
      274.95464339079126,
      232.359126584906,
      169.11810634056945,
      120.2490327627446,
      118.48165721930579,
      140.5037326680952,
      156.72956919694832,
      175.8914876947887,
      196.7672856497315,
      216.22626433853733,
      226.78652425629332,
      234.1421996330906,
      236.74700564785638,
      234.6167128581237,
      228.98947413628792,
      221.14661892754418,
      213.30000317600508,
      203.6046326242802,
      193.9089324244167,
      184.44675697701848,
      177.38211030087587,
      169.62495740514794
    ],
    "surrogate_cv_history": [],
    "retrain_log": [],
    "elitist_count": 0,
    "gradient_refinements": 88
  }
}