{
  "optimizer": "COO",
  "function": "Ackley",
  "config": "optuna_Ackley_COO",
  "seed": 8,
  "status": "ok",
  "best_value": 0.0025395478864855825,
  "best_pos": [
    0.000521,
    0.000722
  ],
  "time_sec": 0.4336,
  "conv_hist": [
    -2.270739416399991,
    -1.5960979534975341,
    -0.5940256161812241,
    -0.05578111437730415,
    -0.05578111437730415,
    -0.04560181102628791,
    -0.0025395478864855825,
    -0.0025395478864855825,
    -0.0025395478864855825,
    -0.0025395478864855825,
    -0.0025395478864855825,
    -0.0025395478864855825,
    -0.0025395478864855825,
    -0.0025395478864855825,
    -0.0025395478864855825,
    -0.0025395478864855825
  ],
  "error": null,
  "pos_hist": [
    [
      0.10580455253270316,
      -0.2910741835615047
    ],
    [
      0.22556608152590468,
      -0.03556135670916298
    ],
    [
      0.07962843780614459,
      0.07308390810170197
    ],
    [
      -0.00818809654957146,
      0.014903658865783785
    ],
    [
      -0.00818809654957146,
      0.014903658865783785
    ],
    [
      0.0038781943054133905,
      -0.013682556141232122
    ],
    [
      0.0005205433826521409,
      0.0007223918327339783
    ],
    [
      0.0005205433826521409,
      0.0007223918327339783
    ],
    [
      0.0005205433826521409,
      0.0007223918327339783
    ],
    [
      0.0005205433826521409,
      0.0007223918327339783
    ],
    [
      0.0005205433826521409,
      0.0007223918327339783
    ],
    [
      0.0005205433826521409,
      0.0007223918327339783
    ],
    [
      0.0005205433826521409,
      0.0007223918327339783
    ],
    [
      0.0005205433826521409,
      0.0007223918327339783
    ],
    [
      0.0005205433826521409,
      0.0007223918327339783
    ],
    [
      0.0005205433826521409,
      0.0007223918327339783
    ]
  ],
  "diagnostics": {
    "cache_size": 1556,
    "exact_evals": 1556,
    "surrogate_calls": 0,
    "iterations": 16,
    "time_s": 0.43338894844055176,
    "diversity_history": [
      2.828927646835515,
      2.3453534941706122,
      1.477749617051494,
      0.5835992011498461,
      0.7216908616365496,
      1.2722682026545982,
      1.4890534983765567,
      1.3363470485051998,
      0.9072386915801777,
      0.4209754668397595,
      0.5123274459545062,
      0.698130384463502,
      0.7509546860895882,
      0.5969085512944934,
      0.40430289879196346,
      0.3081528521346327
    ],
    "surrogate_cv_history": [],
    "retrain_log": [],
    "elitist_count": 0,
    "gradient_refinements": 79
  }
}