{
  "optimizer": "COO",
  "function": "Ackley",
  "config": "optuna_Ackley_COO",
  "seed": 7,
  "status": "ok",
  "best_value": 0.0047912406495886906,
  "best_pos": [
    0.000962,
    -0.001362
  ],
  "time_sec": 0.1836,
  "conv_hist": [
    -4.488042040596213,
    -3.5751996332611466,
    -3.118205752053495,
    -0.8819095682756175,
    -0.3782457069255476,
    -0.3782457069255476,
    -0.36309718990682116,
    -0.0047912406495886906,
    -0.0047912406495886906,
    -0.0047912406495886906,
    -0.0047912406495886906,
    -0.0047912406495886906,
    -0.0047912406495886906,
    -0.0047912406495886906,
    -0.0047912406495886906,
    -0.0047912406495886906,
    -0.0047912406495886906
  ],
  "error": null,
  "pos_hist": [
    [
      -0.7762595635685967,
      -0.7354642731505763
    ],
    [
      0.9737781644458668,
      -0.9696635731054635
    ],
    [
      0.741893781512853,
      0.029445261891320035
    ],
    [
      -0.06834100878460178,
      -0.12614317922766047
    ],
    [
      0.07226613391339866,
      -0.030416840058292788
    ],
    [
      0.07226613391339866,
      -0.030416840058292788
    ],
    [
      -0.07553224922135994,
      0.010094307741465369
    ],
    [
      0.000962177110038806,
      -0.0013622349044313427
    ],
    [
      0.000962177110038806,
      -0.0013622349044313427
    ],
    [
      0.000962177110038806,
      -0.0013622349044313427
    ],
    [
      0.000962177110038806,
      -0.0013622349044313427
    ],
    [
      0.000962177110038806,
      -0.0013622349044313427
    ],
    [
      0.000962177110038806,
      -0.0013622349044313427
    ],
    [
      0.000962177110038806,
      -0.0013622349044313427
    ],
    [
      0.000962177110038806,
      -0.0013622349044313427
    ],
    [
      0.000962177110038806,
      -0.0013622349044313427
    ],
    [
      0.000962177110038806,
      -0.0013622349044313427
    ]
  ],
  "diagnostics": {
    "cache_size": 1649,
    "exact_evals": 1649,
    "surrogate_calls": 0,
    "iterations": 17,
    "time_s": 0.17011356353759766,
    "diversity_history": [
      2.7431808895350174,
      2.2366196533006546,
      1.4681724349334793,
      0.7186833311776586,
      0.7360523654360457,
      1.2070175855162069,
      1.3766927858797864,
      1.2176002790719367,
      0.8667064828187845,
      0.5421825589240256,
      0.553921713647762,
      0.7228222401289739,
      0.7500663221270856,
      0.6168751049661451,
      0.4142063824135102,
      0.33932343020110467,
      0.34030129984930046
    ],
    "surrogate_cv_history": [],
    "retrain_log": [],
    "elitist_count": 0,
    "gradient_refinements": 85
  }
}