{
  "optimizer": "COO",
  "function": "Ackley",
  "config": "optuna_Ackley_COO",
  "seed": 6,
  "status": "ok",
  "best_value": 0.000350439227873256,
  "best_pos": [
    0.000109,
    5.8e-05
  ],
  "time_sec": 0.3606,
  "conv_hist": [
    -3.4867062161351154,
    -3.2033836831631786,
    -1.7202693879312965,
    -0.3161098738114245,
    -0.000350439227873256,
    -0.000350439227873256,
    -0.000350439227873256,
    -0.000350439227873256,
    -0.000350439227873256,
    -0.000350439227873256,
    -0.000350439227873256,
    -0.000350439227873256,
    -0.000350439227873256,
    -0.000350439227873256
  ],
  "error": null,
  "pos_hist": [
    [
      0.18036411999268775,
      0.7885860022615709
    ],
    [
      0.02379230066878178,
      0.6976171208066884
    ],
    [
      -0.2034040987070287,
      -0.12166832536808742
    ],
    [
      -0.055621197423142484,
      0.040335706258586186
    ],
    [
      0.00010942474622548104,
      5.780547745868128e-05
    ],
    [
      0.00010942474622548104,
      5.780547745868128e-05
    ],
    [
      0.00010942474622548104,
      5.780547745868128e-05
    ],
    [
      0.00010942474622548104,
      5.780547745868128e-05
    ],
    [
      0.00010942474622548104,
      5.780547745868128e-05
    ],
    [
      0.00010942474622548104,
      5.780547745868128e-05
    ],
    [
      0.00010942474622548104,
      5.780547745868128e-05
    ],
    [
      0.00010942474622548104,
      5.780547745868128e-05
    ],
    [
      0.00010942474622548104,
      5.780547745868128e-05
    ],
    [
      0.00010942474622548104,
      5.780547745868128e-05
    ]
  ],
  "diagnostics": {
    "cache_size": 1370,
    "exact_evals": 1370,
    "surrogate_calls": 0,
    "iterations": 14,
    "time_s": 0.36029720306396484,
    "diversity_history": [
      2.7966942282423597,
      2.3309254055484505,
      1.5245523711302207,
      0.5966529201307715,
      0.6861290021770904,
      1.2522165919824375,
      1.468904874971987,
      1.27627090613647,
      0.8767099017095633,
      0.46564533569886174,
      0.475009404726225,
      0.6374695785829241,
      0.6914609470573885,
      0.6057272937615747
    ],
    "surrogate_cv_history": [],
    "retrain_log": [],
    "elitist_count": 0,
    "gradient_refinements": 70
  }
}