{
  "optimizer": "COO",
  "function": "Ackley",
  "config": "optuna_Ackley_COO",
  "seed": 9,
  "status": "ok",
  "best_value": 0.00862784565617547,
  "best_pos": [
    0.002897,
    -0.000643
  ],
  "time_sec": 0.1723,
  "conv_hist": [
    -2.759638173213539,
    -2.759638173213539,
    -0.4569247271386421,
    -0.11032257277982227,
    -0.11032257277982227,
    -0.11032257277982227,
    -0.11032257277982227,
    -0.00862784565617547,
    -0.00862784565617547,
    -0.00862784565617547,
    -0.00862784565617547,
    -0.00862784565617547,
    -0.00862784565617547,
    -0.00862784565617547,
    -0.00862784565617547,
    -0.00862784565617547,
    -0.00862784565617547
  ],
  "error": null,
  "pos_hist": [
    [
      -0.01860389638207316,
      -0.8565367520037839
    ],
    [
      -0.01860389638207316,
      -0.8565367520037839
    ],
    [
      -0.05120333305763135,
      0.0736918674672643
    ],
    [
      -0.026766955563537462,
      0.01435929262145198
    ],
    [
      -0.026766955563537462,
      0.01435929262145198
    ],
    [
      -0.026766955563537462,
      0.01435929262145198
    ],
    [
      -0.026766955563537462,
      0.01435929262145198
    ],
    [
      0.002897016656122301,
      -0.0006429444916310366
    ],
    [
      0.002897016656122301,
      -0.0006429444916310366
    ],
    [
      0.002897016656122301,
      -0.0006429444916310366
    ],
    [
      0.002897016656122301,
      -0.0006429444916310366
    ],
    [
      0.002897016656122301,
      -0.0006429444916310366
    ],
    [
      0.002897016656122301,
      -0.0006429444916310366
    ],
    [
      0.002897016656122301,
      -0.0006429444916310366
    ],
    [
      0.002897016656122301,
      -0.0006429444916310366
    ],
    [
      0.002897016656122301,
      -0.0006429444916310366
    ],
    [
      0.002897016656122301,
      -0.0006429444916310366
    ]
  ],
  "diagnostics": {
    "cache_size": 1649,
    "exact_evals": 1649,
    "surrogate_calls": 0,
    "iterations": 17,
    "time_s": 0.17207741737365723,
    "diversity_history": [
      2.8314568294444773,
      2.329222629575483,
      1.546883432518121,
      0.6791397227027991,
      0.6979951760672034,
      1.2136814137605343,
      1.4292319477178579,
      1.2692170124220299,
      0.903477982652119,
      0.5321852219876644,
      0.4994727007363079,
      0.6564227051335111,
      0.6549659199985806,
      0.550864766643323,
      0.4284745297784593,
      0.3395875293663859,
      0.35106064387070235
    ],
    "surrogate_cv_history": [],
    "retrain_log": [],
    "elitist_count": 0,
    "gradient_refinements": 85
  }
}