{
  "optimizer": "COO",
  "function": "Ackley",
  "config": "optuna_Ackley_COO",
  "seed": 3,
  "status": "ok",
  "best_value": 0.009187910137509636,
  "best_pos": [
    0.000606,
    -0.003096
  ],
  "time_sec": 0.6072,
  "conv_hist": [
    -3.1698811083776524,
    -3.1489893512489116,
    -2.9186993111405823,
    -0.969296222047817,
    -0.2219849005623975,
    -0.1824066104642701,
    -0.1824066104642701,
    -0.1824066104642701,
    -0.1824066104642701,
    -0.04888831305701702,
    -0.0352370189084934,
    -0.009187910137509636,
    -0.009187910137509636,
    -0.009187910137509636,
    -0.009187910137509636,
    -0.009187910137509636,
    -0.009187910137509636,
    -0.009187910137509636,
    -0.009187910137509636,
    -0.009187910137509636,
    -0.009187910137509636
  ],
  "error": null,
  "pos_hist": [
    [
      -0.14905773945911882,
      -0.4472063851911372
    ],
    [
      -0.04622906408748849,
      -0.5157980208771095
    ],
    [
      -0.04530105687628333,
      -0.440725785669602
    ],
    [
      0.09092579229621447,
      0.12319611239943372
    ],
    [
      0.04701558329492268,
      0.023978531701242055
    ],
    [
      -0.03673629092432431,
      -0.0266330624789808
    ],
    [
      -0.03673629092432431,
      -0.0266330624789808
    ],
    [
      -0.03673629092432431,
      -0.0266330624789808
    ],
    [
      -0.03673629092432431,
      -0.0266330624789808
    ],
    [
      -0.00035658098429859175,
      -0.015128561995357313
    ],
    [
      -0.011165595570292036,
      0.001491301338799933
    ],
    [
      0.0006061854580897775,
      -0.0030959402544090443
    ],
    [
      0.0006061854580897775,
      -0.0030959402544090443
    ],
    [
      0.0006061854580897775,
      -0.0030959402544090443
    ],
    [
      0.0006061854580897775,
      -0.0030959402544090443
    ],
    [
      0.0006061854580897775,
      -0.0030959402544090443
    ],
    [
      0.0006061854580897775,
      -0.0030959402544090443
    ],
    [
      0.0006061854580897775,
      -0.0030959402544090443
    ],
    [
      0.0006061854580897775,
      -0.0030959402544090443
    ],
    [
      0.0006061854580897775,
      -0.0030959402544090443
    ],
    [
      0.0006061854580897775,
      -0.0030959402544090443
    ]
  ],
  "diagnostics": {
    "cache_size": 2001,
    "exact_evals": 2001,
    "surrogate_calls": 0,
    "iterations": 21,
    "time_s": 0.6070153713226318,
    "diversity_history": [
      2.7145255302680535,
      2.2837690984225927,
      1.541639576356872,
      0.6859712789092973,
      0.7178173574406947,
      1.2055422564870546,
      1.3979748916113355,
      1.272965022732276,
      0.9138381688321304,
      0.5714644037200343,
      0.4699544102720591,
      0.6286957069813193,
      0.6685532294785732,
      0.6082929597996531,
      0.46174153397686013,
      0.34811353240154375,
      0.35097041636385606,
      0.3903844812351679,
      0.3886131482167422,
      0.30908873501281564,
      0.26491175740080253
    ],
    "surrogate_cv_history": [],
    "retrain_log": [],
    "elitist_count": 0,
    "gradient_refinements": 100
  }
}