{
  "optimizer": "COO",
  "function": "Griewank_ShiftedRotated",
  "config": "optuna_Griewank_ShiftedRotated_COO",
  "seed": 4,
  "status": "ok",
  "best_value": 0.17894027514073052,
  "best_pos": [
    198.814777,
    -326.66691
  ],
  "time_sec": 0.2629,
  "conv_hist": [
    -1.4896270861704135,
    -1.1418760832137447,
    -0.9658271125708064,
    -0.17894027514073052,
    -0.17894027514073052,
    -0.17894027514073052,
    -0.17894027514073052,
    -0.17894027514073052,
    -0.17894027514073052,
    -0.17894027514073052,
    -0.17894027514073052,
    -0.17894027514073052,
    -0.17894027514073052
  ],
  "error": null,
  "pos_hist": [
    [
      224.00049589961498,
      -295.58442160634024
    ],
    [
      227.82002805617853,
      -295.7154624830107
    ],
    [
      192.44417787991017,
      -338.12034750674815
    ],
    [
      198.814777373807,
      -326.66691008990824
    ],
    [
      198.814777373807,
      -326.66691008990824
    ],
    [
      198.814777373807,
      -326.66691008990824
    ],
    [
      198.814777373807,
      -326.66691008990824
    ],
    [
      198.814777373807,
      -326.66691008990824
    ],
    [
      198.814777373807,
      -326.66691008990824
    ],
    [
      198.814777373807,
      -326.66691008990824
    ],
    [
      198.814777373807,
      -326.66691008990824
    ],
    [
      198.814777373807,
      -326.66691008990824
    ],
    [
      198.814777373807,
      -326.66691008990824
    ]
  ],
  "diagnostics": {
    "cache_size": 1100,
    "exact_evals": 1100,
    "surrogate_calls": 0,
    "iterations": 13,
    "time_s": 0.26262736320495605,
    "diversity_history": [
      333.8568630032322,
      270.81751804304463,
      164.60004657168977,
      46.83765339603856,
      78.78410404409289,
      138.1845610592675,
      155.64790407118664,
      142.4082869315812,
      99.65353836291096,
      46.49491823254091,
      33.5269375873896,
      64.61171511435964,
      78.29716410028547
    ],
    "surrogate_cv_history": [],
    "retrain_log": [],
    "elitist_count": 0,
    "gradient_refinements": 52
  }
}