{
  "optimizer": "COO",
  "function": "Griewank_ShiftedRotated",
  "config": "optuna_Griewank_ShiftedRotated_COO",
  "seed": 8,
  "status": "ok",
  "best_value": 0.13898799387198224,
  "best_pos": [
    184.036697,
    -304.095444
  ],
  "time_sec": 0.1281,
  "conv_hist": [
    -9.408687611722936,
    -8.357673096057798,
    -3.5569062931868993,
    -0.8802169295791363,
    -0.13898799387198224,
    -0.13898799387198224,
    -0.13898799387198224,
    -0.13898799387198224,
    -0.13898799387198224,
    -0.13898799387198224,
    -0.13898799387198224,
    -0.13898799387198224,
    -0.13898799387198224,
    -0.13898799387198224
  ],
  "error": null,
  "pos_hist": [
    [
      367.97560225587097,
      -241.64975693664002
    ],
    [
      364.1910045433028,
      -244.57822901885922
    ],
    [
      293.4441658250309,
      -298.0893625242319
    ],
    [
      210.8192733366442,
      -261.41727427909626
    ],
    [
      184.0366974992233,
      -304.0954441233849
    ],
    [
      184.0366974992233,
      -304.0954441233849
    ],
    [
      184.0366974992233,
      -304.0954441233849
    ],
    [
      184.0366974992233,
      -304.0954441233849
    ],
    [
      184.0366974992233,
      -304.0954441233849
    ],
    [
      184.0366974992233,
      -304.0954441233849
    ],
    [
      184.0366974992233,
      -304.0954441233849
    ],
    [
      184.0366974992233,
      -304.0954441233849
    ],
    [
      184.0366974992233,
      -304.0954441233849
    ],
    [
      184.0366974992233,
      -304.0954441233849
    ]
  ],
  "diagnostics": {
    "cache_size": 1180,
    "exact_evals": 1180,
    "surrogate_calls": 0,
    "iterations": 14,
    "time_s": 0.12789654731750488,
    "diversity_history": [
      340.41649453749847,
      280.37950514195404,
      186.0394922293005,
      98.93314838107875,
      102.6074962792552,
      149.61066870622264,
      166.26474593615603,
      150.45980454028808,
      106.93548674221907,
      59.06506056198978,
      49.38613150656433,
      74.91446074418876,
      87.11957661652157,
      77.52891762754335
    ],
    "surrogate_cv_history": [],
    "retrain_log": [],
    "elitist_count": 0,
    "gradient_refinements": 56
  }
}