{
  "optimizer": "COO",
  "function": "Griewank_ShiftedRotated",
  "config": "optuna_Griewank_ShiftedRotated_COO",
  "seed": 5,
  "status": "ok",
  "best_value": 0.18078331127026837,
  "best_pos": [
    206.910694,
    -319.816996
  ],
  "time_sec": 0.2779,
  "conv_hist": [
    -2.127972894989935,
    -2.127972894989935,
    -1.215302883400756,
    -0.6361720491562624,
    -0.6361720491562624,
    -0.5618410575668875,
    -0.5618410575668875,
    -0.5618410575668875,
    -0.5618410575668875,
    -0.48009880740193944,
    -0.2091095871934291,
    -0.18078331127026837,
    -0.18078331127026837,
    -0.18078331127026837,
    -0.18078331127026837,
    -0.18078331127026837,
    -0.18078331127026837,
    -0.18078331127026837,
    -0.18078331127026837,
    -0.18078331127026837,
    -0.18078331127026837
  ],
  "error": null,
  "pos_hist": [
    [
      119.91503594998505,
      -281.0170589573913
    ],
    [
      119.91503594998505,
      -281.0170589573913
    ],
    [
      204.05957180686678,
      -337.1065884437348
    ],
    [
      186.44637564914126,
      -288.75045393210826
    ],
    [
      186.44637564914126,
      -288.75045393210826
    ],
    [
      167.57367272326096,
      -287.4059889980153
    ],
    [
      167.57367272326096,
      -287.4059889980153
    ],
    [
      167.57367272326096,
      -287.4059889980153
    ],
    [
      167.57367272326096,
      -287.4059889980153
    ],
    [
      231.06767762698416,
      -329.7691186081891
    ],
    [
      206.28735361040546,
      -319.06277352239744
    ],
    [
      206.91069430225005,
      -319.816995837015
    ],
    [
      206.91069430225005,
      -319.816995837015
    ],
    [
      206.91069430225005,
      -319.816995837015
    ],
    [
      206.91069430225005,
      -319.816995837015
    ],
    [
      206.91069430225005,
      -319.816995837015
    ],
    [
      206.91069430225005,
      -319.816995837015
    ],
    [
      206.91069430225005,
      -319.816995837015
    ],
    [
      206.91069430225005,
      -319.816995837015
    ],
    [
      206.91069430225005,
      -319.816995837015
    ],
    [
      206.91069430225005,
      -319.816995837015
    ]
  ],
  "diagnostics": {
    "cache_size": 1740,
    "exact_evals": 1740,
    "surrogate_calls": 0,
    "iterations": 21,
    "time_s": 0.2777125835418701,
    "diversity_history": [
      365.76988473133605,
      297.10157509195983,
      185.21380900523695,
      73.9470325853069,
      92.15516468806086,
      154.81783262303202,
      173.72791032451443,
      159.2839058763923,
      112.33141278168904,
      53.03389175976072,
      36.200053703376504,
      71.47706506680154,
      87.94961551861417,
      80.27345001301791,
      53.88347543640077,
      24.069222456401867,
      23.822184755196858,
      38.289080845292915,
      42.50890003820393,
      34.876792964116035,
      23.04519502473518
    ],
    "surrogate_cv_history": [],
    "retrain_log": [],
    "elitist_count": 0,
    "gradient_refinements": 84
  }
}