{
  "optimizer": "COO",
  "function": "Ackley_Rotated",
  "config": "optuna_Ackley_Rotated_COO",
  "seed": 1,
  "status": "ok",
  "best_value": 0.005896105273639041,
  "best_pos": [
    0.002045,
    4.2e-05
  ],
  "time_sec": 0.0941,
  "conv_hist": [
    -3.1673820224649814,
    -3.1673820224649814,
    -3.0359446044031135,
    -0.8315946980670721,
    -0.8315946980670721,
    -0.005896105273639041,
    -0.005896105273639041,
    -0.005896105273639041,
    -0.005896105273639041,
    -0.005896105273639041,
    -0.005896105273639041,
    -0.005896105273639041,
    -0.005896105273639041,
    -0.005896105273639041,
    -0.005896105273639041
  ],
  "error": null,
  "pos_hist": [
    [
      -1.0323252576933006,
      0.38816734003356945
    ],
    [
      -1.0323252576933006,
      0.38816734003356945
    ],
    [
      -0.8191169328215692,
      0.4821326068561141
    ],
    [
      -0.06533093729094794,
      0.12061060489201704
    ],
    [
      -0.06533093729094794,
      0.12061060489201704
    ],
    [
      0.0020447716428059134,
      4.230680769335847e-05
    ],
    [
      0.0020447716428059134,
      4.230680769335847e-05
    ],
    [
      0.0020447716428059134,
      4.230680769335847e-05
    ],
    [
      0.0020447716428059134,
      4.230680769335847e-05
    ],
    [
      0.0020447716428059134,
      4.230680769335847e-05
    ],
    [
      0.0020447716428059134,
      4.230680769335847e-05
    ],
    [
      0.0020447716428059134,
      4.230680769335847e-05
    ],
    [
      0.0020447716428059134,
      4.230680769335847e-05
    ],
    [
      0.0020447716428059134,
      4.230680769335847e-05
    ],
    [
      0.0020447716428059134,
      4.230680769335847e-05
    ]
  ],
  "diagnostics": {
    "cache_size": 945,
    "exact_evals": 945,
    "surrogate_calls": 0,
    "iterations": 15,
    "time_s": 0.09381794929504395,
    "diversity_history": [
      2.9066330144887975,
      2.4352426715448643,
      1.615559536405617,
      0.8135962563825223,
      0.8616692479931249,
      1.307148620967756,
      1.5216886426817853,
      1.388937071964759,
      1.0279950409273968,
      0.5757641563476001,
      0.4866798809892891,
      0.7132979591549071,
      0.8326923414675651,
      0.7534757755582969,
      0.532404344173842
    ],
    "surrogate_cv_history": [],
    "retrain_log": [],
    "elitist_count": 0,
    "gradient_refinements": 45
  }
}