{
  "optimizer": "COO",
  "function": "Ackley_Rotated",
  "config": "optuna_Ackley_Rotated_COO",
  "seed": 6,
  "status": "ok",
  "best_value": 0.011687323636575986,
  "best_pos": [
    -0.003738,
    0.001374
  ],
  "time_sec": 0.1982,
  "conv_hist": [
    -3.2425802322227075,
    -2.463400848143778,
    -1.705153453973225,
    -0.5395762694499422,
    -0.5395762694499422,
    -0.5269127608449762,
    -0.5269127608449762,
    -0.5269127608449762,
    -0.5269127608449762,
    -0.011687323636575986,
    -0.011687323636575986,
    -0.011687323636575986,
    -0.011687323636575986,
    -0.011687323636575986,
    -0.011687323636575986,
    -0.011687323636575986,
    -0.011687323636575986,
    -0.011687323636575986,
    -0.011687323636575986
  ],
  "error": null,
  "pos_hist": [
    [
      0.18036411999268775,
      0.7885860022615709
    ],
    [
      0.329370101779643,
      -0.12203305616335192
    ],
    [
      0.21216150290622404,
      -0.11645943670836185
    ],
    [
      -0.03238904960529653,
      -0.09619885998226063
    ],
    [
      -0.03238904960529653,
      -0.09619885998226063
    ],
    [
      0.018791297445037176,
      0.09793134574070703
    ],
    [
      0.018791297445037176,
      0.09793134574070703
    ],
    [
      0.018791297445037176,
      0.09793134574070703
    ],
    [
      0.018791297445037176,
      0.09793134574070703
    ],
    [
      -0.003738216334668025,
      0.0013741281752420679
    ],
    [
      -0.003738216334668025,
      0.0013741281752420679
    ],
    [
      -0.003738216334668025,
      0.0013741281752420679
    ],
    [
      -0.003738216334668025,
      0.0013741281752420679
    ],
    [
      -0.003738216334668025,
      0.0013741281752420679
    ],
    [
      -0.003738216334668025,
      0.0013741281752420679
    ],
    [
      -0.003738216334668025,
      0.0013741281752420679
    ],
    [
      -0.003738216334668025,
      0.0013741281752420679
    ],
    [
      -0.003738216334668025,
      0.0013741281752420679
    ],
    [
      -0.003738216334668025,
      0.0013741281752420679
    ]
  ],
  "diagnostics": {
    "cache_size": 1185,
    "exact_evals": 1185,
    "surrogate_calls": 0,
    "iterations": 19,
    "time_s": 0.19802641868591309,
    "diversity_history": [
      2.723281089032599,
      2.22946262140405,
      1.4142005856779654,
      0.5543680357516418,
      0.698444081133468,
      1.2102534026464515,
      1.4030761778523015,
      1.295270757949969,
      1.028818940942633,
      0.5954648212490574,
      0.4526262050413813,
      0.6126011814818855,
      0.7240878933514074,
      0.6355212834616364,
      0.4690013350149212,
      0.3649270924672541,
      0.3733381196858884,
      0.41182651771447737,
      0.42996742404117994
    ],
    "surrogate_cv_history": [],
    "retrain_log": [],
    "elitist_count": 0,
    "gradient_refinements": 57
  }
}