{
  "optimizer": "COO",
  "function": "Sphere_Rotated",
  "config": "optuna_Sphere_Rotated_COO",
  "seed": 8,
  "status": "ok",
  "best_value": 3.944005514310209e-05,
  "best_pos": [
    0.004216,
    -0.004654
  ],
  "time_sec": 0.3084,
  "conv_hist": [
    -0.09591878367264209,
    -0.09591878367264209,
    -0.009967433077979712,
    -0.009967433077979712,
    -5.8434822057621055e-05,
    -5.8434822057621055e-05,
    -3.944005514310209e-05,
    -3.944005514310209e-05,
    -3.944005514310209e-05,
    -3.944005514310209e-05,
    -3.944005514310209e-05,
    -3.944005514310209e-05,
    -3.944005514310209e-05,
    -3.944005514310209e-05,
    -3.944005514310209e-05,
    -3.944005514310209e-05
  ],
  "error": null,
  "pos_hist": [
    [
      0.10580455253270316,
      -0.2910741835615047
    ],
    [
      0.10580455253270316,
      -0.2910741835615047
    ],
    [
      0.06812466094170516,
      0.07298262566910985
    ],
    [
      0.06812466094170516,
      0.07298262566910985
    ],
    [
      0.0030481478898101884,
      0.007010250815731683
    ],
    [
      0.0030481478898101884,
      0.007010250815731683
    ],
    [
      0.004216347538413288,
      -0.004654295712394979
    ],
    [
      0.004216347538413288,
      -0.004654295712394979
    ],
    [
      0.004216347538413288,
      -0.004654295712394979
    ],
    [
      0.004216347538413288,
      -0.004654295712394979
    ],
    [
      0.004216347538413288,
      -0.004654295712394979
    ],
    [
      0.004216347538413288,
      -0.004654295712394979
    ],
    [
      0.004216347538413288,
      -0.004654295712394979
    ],
    [
      0.004216347538413288,
      -0.004654295712394979
    ],
    [
      0.004216347538413288,
      -0.004654295712394979
    ],
    [
      0.004216347538413288,
      -0.004654295712394979
    ]
  ],
  "diagnostics": {
    "cache_size": 1340,
    "exact_evals": 1340,
    "surrogate_calls": 0,
    "iterations": 16,
    "time_s": 0.30822229385375977,
    "diversity_history": [
      2.8368041211458213,
      2.363987318931411,
      1.4795555146755635,
      0.5549414108672827,
      0.7610301655763141,
      1.3013074514057115,
      1.5504314691877306,
      1.3872740512427797,
      1.0278653367805877,
      0.6291132063659168,
      0.5120058701191451,
      0.6924298521360712,
      0.7964825888567489,
      0.7418772091568506,
      0.5991168668138835,
      0.4207748732710837
    ],
    "surrogate_cv_history": [],
    "retrain_log": [],
    "elitist_count": 0,
    "gradient_refinements": 64
  }
}