{
  "optimizer": "COO",
  "function": "Sphere_Rotated",
  "config": "optuna_Sphere_Rotated_COO",
  "seed": 0,
  "status": "ok",
  "best_value": 4.097556360708222e-05,
  "best_pos": [
    0.006306,
    -0.001101
  ],
  "time_sec": 0.3263,
  "conv_hist": [
    -0.6605998722475853,
    -0.016744273106687513,
    -0.016744273106687513,
    -0.010326128775611372,
    -4.097556360708222e-05,
    -4.097556360708222e-05,
    -4.097556360708222e-05,
    -4.097556360708222e-05,
    -4.097556360708222e-05,
    -4.097556360708222e-05,
    -4.097556360708222e-05,
    -4.097556360708222e-05,
    -4.097556360708222e-05,
    -4.097556360708222e-05
  ],
  "error": null,
  "pos_hist": [
    [
      -0.4384966778345145,
      0.6843394886864846
    ],
    [
      0.1289961669593458,
      0.010210877361132457
    ],
    [
      0.1289961669593458,
      0.010210877361132457
    ],
    [
      0.02117657255189139,
      0.09938652600109256
    ],
    [
      0.0063057504678249755,
      -0.0011013966790431621
    ],
    [
      0.0063057504678249755,
      -0.0011013966790431621
    ],
    [
      0.0063057504678249755,
      -0.0011013966790431621
    ],
    [
      0.0063057504678249755,
      -0.0011013966790431621
    ],
    [
      0.0063057504678249755,
      -0.0011013966790431621
    ],
    [
      0.0063057504678249755,
      -0.0011013966790431621
    ],
    [
      0.0063057504678249755,
      -0.0011013966790431621
    ],
    [
      0.0063057504678249755,
      -0.0011013966790431621
    ],
    [
      0.0063057504678249755,
      -0.0011013966790431621
    ],
    [
      0.0063057504678249755,
      -0.0011013966790431621
    ]
  ],
  "diagnostics": {
    "cache_size": 1180,
    "exact_evals": 1180,
    "surrogate_calls": 0,
    "iterations": 14,
    "time_s": 0.32599949836730957,
    "diversity_history": [
      2.8402797596553677,
      2.355475788088193,
      1.5151606017292387,
      0.6166966880150062,
      0.7948006057774175,
      1.3041505178937207,
      1.5002411146956383,
      1.3596724401723077,
      0.9588279897947369,
      0.5145174546713311,
      0.4327904418498799,
      0.652639660601005,
      0.7649920349705981,
      0.7048742537627661
    ],
    "surrogate_cv_history": [],
    "retrain_log": [],
    "elitist_count": 0,
    "gradient_refinements": 56
  }
}