{
  "optimizer": "COO",
  "function": "Sphere_Rotated",
  "config": "optuna_Sphere_Rotated_COO",
  "seed": 6,
  "status": "ok",
  "best_value": 1.2629480074625827e-06,
  "best_pos": [
    -0.001048,
    0.000405
  ],
  "time_sec": 0.4975,
  "conv_hist": [
    -0.6543990987436233,
    -0.13469049615976947,
    -0.021125897939731384,
    -0.021125897939731384,
    -0.0025274848534142455,
    -0.0025274848534142455,
    -0.0025274848534142455,
    -0.0025274848534142455,
    -0.0025274848534142455,
    -0.0009745943303519461,
    -2.0346313743366156e-06,
    -2.0346313743366156e-06,
    -2.0346313743366156e-06,
    -2.0346313743366156e-06,
    -2.0346313743366156e-06,
    -2.0346313743366156e-06,
    -2.0346313743366156e-06,
    -1.2629480074625827e-06,
    -1.2629480074625827e-06,
    -1.2629480074625827e-06
  ],
  "error": null,
  "pos_hist": [
    [
      0.18036411999268775,
      0.7885860022615709
    ],
    [
      0.2392609079582238,
      0.27828890398788036
    ],
    [
      0.01788326287448605,
      0.14424315182598238
    ],
    [
      0.01788326287448605,
      0.14424315182598238
    ],
    [
      0.049257802599875306,
      -0.010057521386801127
    ],
    [
      0.049257802599875306,
      -0.010057521386801127
    ],
    [
      0.049257802599875306,
      -0.010057521386801127
    ],
    [
      0.049257802599875306,
      -0.010057521386801127
    ],
    [
      0.049257802599875306,
      -0.010057521386801127
    ],
    [
      -0.029892657033907248,
      0.009001299117635251
    ],
    [
      7.610974965121175e-05,
      0.001424373083270196
    ],
    [
      7.610974965121175e-05,
      0.001424373083270196
    ],
    [
      7.610974965121175e-05,
      0.001424373083270196
    ],
    [
      7.610974965121175e-05,
      0.001424373083270196
    ],
    [
      7.610974965121175e-05,
      0.001424373083270196
    ],
    [
      7.610974965121175e-05,
      0.001424373083270196
    ],
    [
      7.610974965121175e-05,
      0.001424373083270196
    ],
    [
      -0.001048272183660763,
      0.000405059793642467
    ],
    [
      -0.001048272183660763,
      0.000405059793642467
    ],
    [
      -0.001048272183660763,
      0.000405059793642467
    ]
  ],
  "diagnostics": {
    "cache_size": 1660,
    "exact_evals": 1660,
    "surrogate_calls": 0,
    "iterations": 20,
    "time_s": 0.4972827434539795,
    "diversity_history": [
      2.7495464339079128,
      2.2390793770426516,
      1.3619081670285151,
      0.5545399992085855,
      0.7736604630169234,
      1.2634515764962493,
      1.473790321256263,
      1.2956147253688206,
      0.916049054783528,
      0.5213374441152709,
      0.5029107964200166,
      0.723258825997608,
      0.738724278960669,
      0.6831115419946885,
      0.5358807528143428,
      0.414030482304547,
      0.36046983995710746,
      0.41791354834065897,
      0.4264305856957985,
      0.3863534703241751
    ],
    "surrogate_cv_history": [],
    "retrain_log": [],
    "elitist_count": 0,
    "gradient_refinements": 80
  }
}