{
  "optimizer": "COO",
  "function": "Schwefel_ShiftedRotated",
  "config": "optuna_Schwefel_ShiftedRotated_COO",
  "seed": 9,
  "status": "ok",
  "best_value": -177.2275440996807,
  "best_pos": [
    -449.15806,
    348.89143
  ],
  "time_sec": 0.6558,
  "conv_hist": [
    85.10572327034788,
    93.47724728241474,
    97.74018031149205,
    97.74018031149205,
    145.14273051244572,
    166.60057253540958,
    167.0821150681611,
    167.0821150681611,
    167.0821150681611,
    167.0821150681611,
    167.0821150681611,
    167.0821150681611,
    171.57434886806573,
    175.03443411017975,
    177.2275440996807,
    177.2275440996807,
    177.2275440996807,
    177.2275440996807,
    177.2275440996807,
    177.2275440996807,
    177.2275440996807,
    177.2275440996807,
    177.2275440996807,
    177.2275440996807
  ],
  "error": null,
  "pos_hist": [
    [
      -426.80577876916993,
      336.2070007447454
    ],
    [
      -426.1601288138741,
      340.4898487546095
    ],
    [
      -425.5128548793533,
      345.30576930326794
    ],
    [
      -425.5128548793533,
      345.30576930326794
    ],
    [
      -442.54150785412764,
      364.019381322809
    ],
    [
      -441.4972301067926,
      347.6209784400168
    ],
    [
      -441.66000101329746,
      352.22358226319426
    ],
    [
      -441.66000101329746,
      352.22358226319426
    ],
    [
      -441.66000101329746,
      352.22358226319426
    ],
    [
      -441.66000101329746,
      352.22358226319426
    ],
    [
      -441.66000101329746,
      352.22358226319426
    ],
    [
      -441.66000101329746,
      352.22358226319426
    ],
    [
      -457.07512469794983,
      352.52864706087206
    ],
    [
      -449.1552163355962,
      354.3885782949952
    ],
    [
      -449.1580597155851,
      348.89142975360164
    ],
    [
      -449.1580597155851,
      348.89142975360164
    ],
    [
      -449.1580597155851,
      348.89142975360164
    ],
    [
      -449.1580597155851,
      348.89142975360164
    ],
    [
      -449.1580597155851,
      348.89142975360164
    ],
    [
      -449.1580597155851,
      348.89142975360164
    ],
    [
      -449.1580597155851,
      348.89142975360164
    ],
    [
      -449.1580597155851,
      348.89142975360164
    ],
    [
      -449.1580597155851,
      348.89142975360164
    ],
    [
      -449.1580597155851,
      348.89142975360164
    ]
  ],
  "diagnostics": {
    "cache_size": 2647,
    "exact_evals": 2647,
    "surrogate_calls": 0,
    "iterations": 24,
    "time_s": 0.6554949283599854,
    "diversity_history": [
      277.20924825985963,
      238.12435017938742,
      193.01089957100513,
      178.82144108567383,
      208.85819251942064,
      223.4572289907953,
      216.6345899818519,
      204.2440911411884,
      187.1564389230457,
      177.98296362621213,
      173.43886234632174,
      166.5260731094825,
      157.01049948825596,
      142.5460319927502,
      126.32342516892953,
      111.7112490039545,
      97.18064819070517,
      86.67505005016726,
      80.99323637628694,
      77.50127793876523,
      74.66111807520687,
      70.17251511028698,
      64.71931884885957,
      59.090666570033235
    ],
    "surrogate_cv_history": [],
    "retrain_log": [],
    "elitist_count": 0,
    "gradient_refinements": 137
  }
}