{
  "optimizer": "COO",
  "function": "Schwefel_ShiftedRotated",
  "config": "optuna_Schwefel_ShiftedRotated_COO",
  "seed": 4,
  "status": "ok",
  "best_value": -177.37562098694002,
  "best_pos": [
    -450.133437,
    348.652998
  ],
  "time_sec": 0.6183,
  "conv_hist": [
    15.674762013704822,
    15.674762013704822,
    15.674762013704822,
    15.674762013704822,
    153.43777334736126,
    153.43777334736126,
    153.43777334736126,
    153.43777334736126,
    153.43777334736126,
    165.91331964638675,
    166.11768241653226,
    177.37562098694002,
    177.37562098694002,
    177.37562098694002,
    177.37562098694002,
    177.37562098694002,
    177.37562098694002,
    177.37562098694002,
    177.37562098694002,
    177.37562098694002,
    177.37562098694002
  ],
  "error": null,
  "pos_hist": [
    [
      -63.85335312020237,
      448.9773067815628
    ],
    [
      -63.85335312020237,
      448.9773067815628
    ],
    [
      -63.85335312020237,
      448.9773067815628
    ],
    [
      -63.85335312020237,
      448.9773067815628
    ],
    [
      -447.90356209826723,
      363.6779911973357
    ],
    [
      -447.90356209826723,
      363.6779911973357
    ],
    [
      -447.90356209826723,
      363.6779911973357
    ],
    [
      -447.90356209826723,
      363.6779911973357
    ],
    [
      -447.90356209826723,
      363.6779911973357
    ],
    [
      -457.7243956262834,
      356.5625588001879
    ],
    [
      -449.55757953315106,
      359.5665979374641
    ],
    [
      -450.1334371129123,
      348.65299771087194
    ],
    [
      -450.1334371129123,
      348.65299771087194
    ],
    [
      -450.1334371129123,
      348.65299771087194
    ],
    [
      -450.1334371129123,
      348.65299771087194
    ],
    [
      -450.1334371129123,
      348.65299771087194
    ],
    [
      -450.1334371129123,
      348.65299771087194
    ],
    [
      -450.1334371129123,
      348.65299771087194
    ],
    [
      -450.1334371129123,
      348.65299771087194
    ],
    [
      -450.1334371129123,
      348.65299771087194
    ],
    [
      -450.1334371129123,
      348.65299771087194
    ]
  ],
  "diagnostics": {
    "cache_size": 2365,
    "exact_evals": 2365,
    "surrogate_calls": 0,
    "iterations": 21,
    "time_s": 0.6172316074371338,
    "diversity_history": [
      285.185359971438,
      241.20743541486894,
      179.58497864184085,
      138.09483798264154,
      143.47901291091964,
      144.37750042518678,
      138.59990810226344,
      116.93211956014821,
      97.27121904216112,
      87.96662934604358,
      91.22834982451887,
      99.30227084179474,
      104.1479429056262,
      107.04497889809612,
      109.68606525921754,
      110.11927919772327,
      108.97084872225766,
      105.50379383316513,
      100.88563798165859,
      95.95081117915993,
      92.39619942012533
    ],
    "surrogate_cv_history": [],
    "retrain_log": [],
    "elitist_count": 0,
    "gradient_refinements": 122
  }
}