{
  "optimizer": "COO",
  "function": "Schwefel_ShiftedRotated",
  "config": "optuna_Schwefel_ShiftedRotated_COO",
  "seed": 5,
  "status": "ok",
  "best_value": -175.5195775342337,
  "best_pos": [
    -450.840542,
    354.166273
  ],
  "time_sec": 0.7151,
  "conv_hist": [
    -102.84283377693305,
    -89.75460949330215,
    45.4679092060685,
    81.48938694748495,
    140.98660524846332,
    140.98660524846332,
    140.98660524846332,
    140.98660524846332,
    148.39613126458732,
    148.39613126458732,
    148.39613126458732,
    148.39613126458732,
    150.25085284657723,
    170.6395360936765,
    175.5195775342337,
    175.5195775342337,
    175.5195775342337,
    175.5195775342337,
    175.5195775342337,
    175.5195775342337,
    175.5195775342337,
    175.5195775342337,
    175.5195775342337,
    175.5195775342337
  ],
  "error": null,
  "pos_hist": [
    [
      -470.8884363272823,
      -413.4743115977949
    ],
    [
      -468.30850399246475,
      -413.49923286039916
    ],
    [
      -434.4944598744464,
      379.14930641304505
    ],
    [
      -433.1622090019821,
      372.02630737461214
    ],
    [
      -460.11069899482425,
      364.2349452324328
    ],
    [
      -460.11069899482425,
      364.2349452324328
    ],
    [
      -460.11069899482425,
      364.2349452324328
    ],
    [
      -460.11069899482425,
      364.2349452324328
    ],
    [
      -461.32341925581403,
      360.9023412016359
    ],
    [
      -461.32341925581403,
      360.9023412016359
    ],
    [
      -461.32341925581403,
      360.9023412016359
    ],
    [
      -461.32341925581403,
      360.9023412016359
    ],
    [
      -456.4415312214565,
      336.39032802571404
    ],
    [
      -457.5265814194544,
      352.79207485372854
    ],
    [
      -450.8405419249698,
      354.1662734873638
    ],
    [
      -450.8405419249698,
      354.1662734873638
    ],
    [
      -450.8405419249698,
      354.1662734873638
    ],
    [
      -450.8405419249698,
      354.1662734873638
    ],
    [
      -450.8405419249698,
      354.1662734873638
    ],
    [
      -450.8405419249698,
      354.1662734873638
    ],
    [
      -450.8405419249698,
      354.1662734873638
    ],
    [
      -450.8405419249698,
      354.1662734873638
    ],
    [
      -450.8405419249698,
      354.1662734873638
    ],
    [
      -450.8405419249698,
      354.1662734873638
    ]
  ],
  "diagnostics": {
    "cache_size": 2607,
    "exact_evals": 2607,
    "surrogate_calls": 0,
    "iterations": 24,
    "time_s": 0.6997435092926025,
    "diversity_history": [
      305.29458322409886,
      254.71950592863078,
      189.80756993023755,
      157.57075796130067,
      180.73403393806825,
      190.2763233081319,
      192.5567152259987,
      192.00921594026283,
      188.33264884583318,
      183.51543888879291,
      177.58598230627436,
      170.1550449210884,
      163.87121804866902,
      159.03550844430134,
      155.43679819559875,
      152.7208282821601,
      148.95017678661813,
      144.60017183439743,
      140.86206724913416,
      137.35862440935267,
      134.34884466980452,
      131.8753163069159,
      129.04411430129332,
      126.2720657406702
    ],
    "surrogate_cv_history": [],
    "retrain_log": [],
    "elitist_count": 0,
    "gradient_refinements": 137
  }
}