{
  "optimizer": "COO",
  "function": "Schwefel_ShiftedRotated",
  "config": "optuna_Schwefel_ShiftedRotated_COO",
  "seed": 8,
  "status": "ok",
  "best_value": -135.21614902285205,
  "best_pos": [
    -74.915283,
    475.543907
  ],
  "time_sec": 0.6123,
  "conv_hist": [
    -128.01347095494282,
    19.11822412311915,
    19.11822412311915,
    19.11822412311915,
    19.11822412311915,
    64.61558916611762,
    66.619411482239,
    96.88112706865866,
    129.8795383244542,
    134.9898848048781,
    135.21614902285205,
    135.21614902285205,
    135.21614902285205,
    135.21614902285205,
    135.21614902285205,
    135.21614902285205,
    135.21614902285205,
    135.21614902285205,
    135.21614902285205,
    135.21614902285205
  ],
  "error": null,
  "pos_hist": [
    [
      137.84086202157948,
      382.90614036129864
    ],
    [
      -84.73714322623063,
      445.43063182866234
    ],
    [
      -84.73714322623063,
      445.43063182866234
    ],
    [
      -84.73714322623063,
      445.43063182866234
    ],
    [
      -84.73714322623063,
      445.43063182866234
    ],
    [
      -85.5593823566846,
      499.97136783973986
    ],
    [
      -74.94320050577502,
      499.97110708818326
    ],
    [
      -88.38452600787359,
      460.3775496888037
    ],
    [
      -86.69474853735105,
      480.51586383937456
    ],
    [
      -74.73176209323732,
      477.34387200631113
    ],
    [
      -74.91528296091575,
      475.5439073786788
    ],
    [
      -74.91528296091575,
      475.5439073786788
    ],
    [
      -74.91528296091575,
      475.5439073786788
    ],
    [
      -74.91528296091575,
      475.5439073786788
    ],
    [
      -74.91528296091575,
      475.5439073786788
    ],
    [
      -74.91528296091575,
      475.5439073786788
    ],
    [
      -74.91528296091575,
      475.5439073786788
    ],
    [
      -74.91528296091575,
      475.5439073786788
    ],
    [
      -74.91528296091575,
      475.5439073786788
    ],
    [
      -74.91528296091575,
      475.5439073786788
    ]
  ],
  "diagnostics": {
    "cache_size": 2248,
    "exact_evals": 2248,
    "surrogate_calls": 0,
    "iterations": 20,
    "time_s": 0.6120336055755615,
    "diversity_history": [
      279.20588355192046,
      237.40324360733567,
      205.20278276048333,
      236.38931054518002,
      313.96205473045416,
      353.05882284961854,
      366.1900731273739,
      372.37601873562016,
      366.5718358635645,
      355.456047245826,
      340.7656197183493,
      323.7889685143743,
      300.10035187903054,
      276.0114993875371,
      253.20135145492492,
      238.9934074302493,
      231.40111670987483,
      222.76984383546133,
      212.38321041290703,
      202.8195333032283
    ],
    "surrogate_cv_history": [],
    "retrain_log": [],
    "elitist_count": 0,
    "gradient_refinements": 117
  }
}