{
  "optimizer": "COO",
  "function": "Schwefel_ShiftedRotated",
  "config": "optuna_Schwefel_ShiftedRotated_COO",
  "seed": 0,
  "status": "ok",
  "best_value": -176.4590389240784,
  "best_pos": [
    -447.582742,
    349.309648
  ],
  "time_sec": 0.5976,
  "conv_hist": [
    38.01032313413589,
    43.21843537497671,
    43.21843537497671,
    151.89112523546862,
    163.748411095518,
    172.9559264425926,
    175.79285272241054,
    175.79285272241054,
    175.79285272241054,
    175.79285272241054,
    175.79285272241054,
    175.79285272241054,
    175.79285272241054,
    176.4590389240784,
    176.4590389240784,
    176.4590389240784,
    176.4590389240784,
    176.4590389240784,
    176.4590389240784,
    176.4590389240784,
    176.4590389240784,
    176.4590389240784,
    176.4590389240784
  ],
  "error": null,
  "pos_hist": [
    [
      -479.7816025596743,
      332.619845547938
    ],
    [
      -476.5515674730819,
      328.69697458353266
    ],
    [
      -476.5515674730819,
      328.69697458353266
    ],
    [
      -438.41037951115555,
      342.3971874665743
    ],
    [
      -440.7769032237642,
      346.15421880290853
    ],
    [
      -450.13835590701603,
      356.1444029095953
    ],
    [
      -447.67010928640866,
      347.5417825827865
    ],
    [
      -447.67010928640866,
      347.5417825827865
    ],
    [
      -447.67010928640866,
      347.5417825827865
    ],
    [
      -447.67010928640866,
      347.5417825827865
    ],
    [
      -447.67010928640866,
      347.5417825827865
    ],
    [
      -447.67010928640866,
      347.5417825827865
    ],
    [
      -447.67010928640866,
      347.5417825827865
    ],
    [
      -447.5827421608207,
      349.3096477037871
    ],
    [
      -447.5827421608207,
      349.3096477037871
    ],
    [
      -447.5827421608207,
      349.3096477037871
    ],
    [
      -447.5827421608207,
      349.3096477037871
    ],
    [
      -447.5827421608207,
      349.3096477037871
    ],
    [
      -447.5827421608207,
      349.3096477037871
    ],
    [
      -447.5827421608207,
      349.3096477037871
    ],
    [
      -447.5827421608207,
      349.3096477037871
    ],
    [
      -447.5827421608207,
      349.3096477037871
    ],
    [
      -447.5827421608207,
      349.3096477037871
    ]
  ],
  "diagnostics": {
    "cache_size": 2573,
    "exact_evals": 2573,
    "surrogate_calls": 0,
    "iterations": 23,
    "time_s": 0.5973873138427734,
    "diversity_history": [
      281.4462708958391,
      239.8905695039055,
      190.25664272289225,
      174.2227017753532,
      205.76710703649388,
      236.71633299535702,
      245.19502246431648,
      233.1149928003897,
      202.0103421192407,
      163.4584141121852,
      131.75321639796127,
      112.0130894109256,
      99.928307024618,
      92.33009442060914,
      83.26462498601231,
      74.9404174766384,
      70.35579744752444,
      69.81551780591113,
      69.76068702852115,
      67.83775527360855,
      64.50049346340512,
      61.7581674649755,
      60.96334347190053
    ],
    "surrogate_cv_history": [],
    "retrain_log": [],
    "elitist_count": 0,
    "gradient_refinements": 132
  }
}