{
  "optimizer": "COO",
  "function": "Rosenbrock_Rotated",
  "config": "optuna_Rosenbrock_Rotated_COO",
  "seed": 6,
  "status": "ok",
  "best_value": 0.027197256172793914,
  "best_pos": [
    -1.679655,
    -0.566434
  ],
  "time_sec": 0.219,
  "conv_hist": [
    -7.388571046477418,
    -4.7804569788200695,
    -1.3414900229571547,
    -0.5880942844156666,
    -0.5035362583878593,
    -0.44674219118458736,
    -0.3109965176436983,
    -0.0275294501201593,
    -0.0275294501201593,
    -0.0275294501201593,
    -0.027197256172793914,
    -0.027197256172793914,
    -0.027197256172793914,
    -0.027197256172793914,
    -0.027197256172793914,
    -0.027197256172793914,
    -0.027197256172793914,
    -0.027197256172793914,
    -0.027197256172793914,
    -0.027197256172793914
  ],
  "error": null,
  "pos_hist": [
    [
      -0.8229607536333539,
      1.4900777287843607
    ],
    [
      0.06575928074336712,
      0.5723847507972459
    ],
    [
      0.033341462341070376,
      0.15676192821358167
    ],
    [
      -0.15603784005636795,
      -0.19779654031855812
    ],
    [
      -0.1841651994923611,
      -0.243848122152694
    ],
    [
      -0.7363100198469767,
      -0.5044859196646103
    ],
    [
      -0.447033247949853,
      -0.36132440025419066
    ],
    [
      -0.9942907663616457,
      -0.5207369938382004
    ],
    [
      -0.9942907663616457,
      -0.5207369938382004
    ],
    [
      -0.9942907663616457,
      -0.5207369938382004
    ],
    [
      -1.6796550986851606,
      -0.5664340632472585
    ],
    [
      -1.6796550986851606,
      -0.5664340632472585
    ],
    [
      -1.6796550986851606,
      -0.5664340632472585
    ],
    [
      -1.6796550986851606,
      -0.5664340632472585
    ],
    [
      -1.6796550986851606,
      -0.5664340632472585
    ],
    [
      -1.6796550986851606,
      -0.5664340632472585
    ],
    [
      -1.6796550986851606,
      -0.5664340632472585
    ],
    [
      -1.6796550986851606,
      -0.5664340632472585
    ],
    [
      -1.6796550986851606,
      -0.5664340632472585
    ],
    [
      -1.6796550986851606,
      -0.5664340632472585
    ]
  ],
  "diagnostics": {
    "cache_size": 914,
    "exact_evals": 914,
    "surrogate_calls": 0,
    "iterations": 20,
    "time_s": 0.2188091278076172,
    "diversity_history": [
      1.1727859507852774,
      1.036596789251302,
      0.6689086333535084,
      0.4702508331997599,
      0.4099213198258748,
      0.6204143429710227,
      0.6141225881338196,
      0.5620224287953933,
      0.4159822720662982,
      0.3672109265218083,
      0.3887664606346066,
      0.47506265971724193,
      0.4923903247591043,
      0.5291345344234153,
      0.4811488138797335,
      0.3381733726806475,
      0.2781511210401832,
      0.26876477332676074,
      0.27148178601934225,
      0.27172919482195956
    ],
    "surrogate_cv_history": [],
    "retrain_log": [],
    "elitist_count": 0,
    "gradient_refinements": 29
  }
}