{
  "optimizer": "COO",
  "function": "Rosenbrock_Rotated",
  "config": "optuna_Rosenbrock_Rotated_COO",
  "seed": 1,
  "status": "ok",
  "best_value": 0.004533231896104489,
  "best_pos": [
    -1.25391,
    -0.549228
  ],
  "time_sec": 0.1722,
  "conv_hist": [
    -0.8445108171661603,
    -0.46506898645234557,
    -0.10583786380375215,
    -0.1027702350517342,
    -0.10050885462368017,
    -0.05523219622601495,
    -0.05523219622601495,
    -0.02266490175924769,
    -0.02266490175924769,
    -0.004533231896104489,
    -0.004533231896104489,
    -0.004533231896104489,
    -0.004533231896104489,
    -0.004533231896104489,
    -0.004533231896104489,
    -0.004533231896104489,
    -0.004533231896104489,
    -0.004533231896104489,
    -0.004533231896104489
  ],
  "error": null,
  "pos_hist": [
    [
      -1.0611233070682564,
      -0.4798857115268893
    ],
    [
      -1.1699098203504168,
      -0.5059023451410883
    ],
    [
      -1.0356222573758005,
      -0.5374855708635883
    ],
    [
      -0.6872876810520357,
      -0.460566420315585
    ],
    [
      -0.7650414847269069,
      -0.46649288872592054
    ],
    [
      -1.0531580126197249,
      -0.5147314592658041
    ],
    [
      -1.0531580126197249,
      -0.5147314592658041
    ],
    [
      -1.4863526374580043,
      -0.5562952660239598
    ],
    [
      -1.4863526374580043,
      -0.5562952660239598
    ],
    [
      -1.2539101394027454,
      -0.5492283298171698
    ],
    [
      -1.2539101394027454,
      -0.5492283298171698
    ],
    [
      -1.2539101394027454,
      -0.5492283298171698
    ],
    [
      -1.2539101394027454,
      -0.5492283298171698
    ],
    [
      -1.2539101394027454,
      -0.5492283298171698
    ],
    [
      -1.2539101394027454,
      -0.5492283298171698
    ],
    [
      -1.2539101394027454,
      -0.5492283298171698
    ],
    [
      -1.2539101394027454,
      -0.5492283298171698
    ],
    [
      -1.2539101394027454,
      -0.5492283298171698
    ],
    [
      -1.2539101394027454,
      -0.5492283298171698
    ]
  ],
  "diagnostics": {
    "cache_size": 870,
    "exact_evals": 870,
    "surrogate_calls": 0,
    "iterations": 19,
    "time_s": 0.17198967933654785,
    "diversity_history": [
      1.282215750747222,
      1.1057340564802032,
      0.7875478264814053,
      0.4847494980811324,
      0.4752275679177129,
      0.5538266995669299,
      0.5298228950263427,
      0.43670070097075403,
      0.38917269690388084,
      0.3038697077502792,
      0.33112276064297097,
      0.399196338660736,
      0.4007403244334944,
      0.35696010191104993,
      0.3268137999428958,
      0.3437149999677059,
      0.3443117131259916,
      0.3278755483947714,
      0.3327414623060657
    ],
    "surrogate_cv_history": [],
    "retrain_log": [],
    "elitist_count": 0,
    "gradient_refinements": 21
  }
}