{
  "optimizer": "COO",
  "function": "Rosenbrock_Rotated",
  "config": "optuna_Rosenbrock_Rotated_COO",
  "seed": 3,
  "status": "ok",
  "best_value": 0.0008994191536367431,
  "best_pos": [
    -1.239296,
    -0.545434
  ],
  "time_sec": 0.2753,
  "conv_hist": [
    -0.8319262613134034,
    -0.08731776423887652,
    -0.08731776423887652,
    -0.08731776423887652,
    -0.08731776423887652,
    -0.08731776423887652,
    -0.04945990544329838,
    -0.011102394418577265,
    -0.011102394418577265,
    -0.003749403344404419,
    -0.0008994191536367431,
    -0.0008994191536367431,
    -0.0008994191536367431,
    -0.0008994191536367431,
    -0.0008994191536367431,
    -0.0008994191536367431,
    -0.0008994191536367431,
    -0.0008994191536367431,
    -0.0008994191536367431,
    -0.0008994191536367431
  ],
  "error": null,
  "pos_hist": [
    [
      -0.29773141164630257,
      -0.3725290461001469
    ],
    [
      -0.8300763805385503,
      -0.4792738800809985
    ],
    [
      -0.8300763805385503,
      -0.4792738800809985
    ],
    [
      -0.8300763805385503,
      -0.4792738800809985
    ],
    [
      -0.8300763805385503,
      -0.4792738800809985
    ],
    [
      -0.8300763805385503,
      -0.4792738800809985
    ],
    [
      -1.0770419910113564,
      -0.5182483217887153
    ],
    [
      -1.1360644696044042,
      -0.53821807411643
    ],
    [
      -1.1360644696044042,
      -0.53821807411643
    ],
    [
      -1.2322413223806292,
      -0.5420091301030523
    ],
    [
      -1.2392956725947821,
      -0.5454340723045874
    ],
    [
      -1.2392956725947821,
      -0.5454340723045874
    ],
    [
      -1.2392956725947821,
      -0.5454340723045874
    ],
    [
      -1.2392956725947821,
      -0.5454340723045874
    ],
    [
      -1.2392956725947821,
      -0.5454340723045874
    ],
    [
      -1.2392956725947821,
      -0.5454340723045874
    ],
    [
      -1.2392956725947821,
      -0.5454340723045874
    ],
    [
      -1.2392956725947821,
      -0.5454340723045874
    ],
    [
      -1.2392956725947821,
      -0.5454340723045874
    ],
    [
      -1.2392956725947821,
      -0.5454340723045874
    ]
  ],
  "diagnostics": {
    "cache_size": 911,
    "exact_evals": 911,
    "surrogate_calls": 0,
    "iterations": 20,
    "time_s": 0.27509188652038574,
    "diversity_history": [
      1.0879457805024602,
      0.929098887586387,
      0.6461279599193119,
      0.4141107648039762,
      0.4946414352233796,
      0.5500514941545507,
      0.5543077200396638,
      0.4809323982362962,
      0.44111509619314715,
      0.39785627896180575,
      0.3785323625944993,
      0.38083264226416014,
      0.38736878450134515,
      0.33320007052357625,
      0.30858841910206164,
      0.3481245104317451,
      0.31258969183028995,
      0.24594464048736048,
      0.26575793351144106,
      0.3236919925728521
    ],
    "surrogate_cv_history": [],
    "retrain_log": [],
    "elitist_count": 0,
    "gradient_refinements": 24
  }
}