{
  "optimizer": "COO",
  "function": "Ackley_ShiftedRotated",
  "config": "optuna_Ackley_ShiftedRotated_COO",
  "seed": 3,
  "status": "ok",
  "best_value": 0.015270289165876694,
  "best_pos": [
    -1.997069,
    1.995766
  ],
  "time_sec": 0.464,
  "conv_hist": [
    -1.1994255140278551,
    -1.0820740177595458,
    -1.0820740177595458,
    -0.3331447065969084,
    -0.07427727686737784,
    -0.07427727686737784,
    -0.07427727686737784,
    -0.07427727686737784,
    -0.07427727686737784,
    -0.07427727686737784,
    -0.015270289165876694,
    -0.015270289165876694,
    -0.015270289165876694,
    -0.015270289165876694,
    -0.015270289165876694,
    -0.015270289165876694,
    -0.015270289165876694,
    -0.015270289165876694,
    -0.015270289165876694,
    -0.015270289165876694
  ],
  "error": null,
  "pos_hist": [
    [
      -2.164749182286813,
      1.9313791831299634
    ],
    [
      -1.8937650072241667,
      1.8719390259107953
    ],
    [
      -1.8937650072241667,
      1.8719390259107953
    ],
    [
      -2.0670211792362196,
      2.025069299421463
    ],
    [
      -2.0098914187003936,
      2.0194275070425567
    ],
    [
      -2.0098914187003936,
      2.0194275070425567
    ],
    [
      -2.0098914187003936,
      2.0194275070425567
    ],
    [
      -2.0098914187003936,
      2.0194275070425567
    ],
    [
      -2.0098914187003936,
      2.0194275070425567
    ],
    [
      -2.0098914187003936,
      2.0194275070425567
    ],
    [
      -1.9970687762095611,
      1.9957664420757353
    ],
    [
      -1.9970687762095611,
      1.9957664420757353
    ],
    [
      -1.9970687762095611,
      1.9957664420757353
    ],
    [
      -1.9970687762095611,
      1.9957664420757353
    ],
    [
      -1.9970687762095611,
      1.9957664420757353
    ],
    [
      -1.9970687762095611,
      1.9957664420757353
    ],
    [
      -1.9970687762095611,
      1.9957664420757353
    ],
    [
      -1.9970687762095611,
      1.9957664420757353
    ],
    [
      -1.9970687762095611,
      1.9957664420757353
    ],
    [
      -1.9970687762095611,
      1.9957664420757353
    ]
  ],
  "diagnostics": {
    "cache_size": 2617,
    "exact_evals": 2617,
    "surrogate_calls": 0,
    "iterations": 20,
    "time_s": 0.4637296199798584,
    "diversity_history": [
      2.794043077351878,
      2.3099244539469437,
      1.4865957151832148,
      0.6684929804064916,
      0.7722896378823362,
      1.2883879701447083,
      1.4122010975626411,
      1.2974503260593777,
      0.954733134595073,
      0.584590140915632,
      0.4626768000648016,
      0.6428497344984099,
      0.7680520009020919,
      0.7217439343457825,
      0.5610411785808035,
      0.3563727612762171,
      0.3241804668753458,
      0.39837486291284474,
      0.4299634583385299,
      0.39874289696284876
    ],
    "surrogate_cv_history": [],
    "retrain_log": [],
    "elitist_count": 0,
    "gradient_refinements": 137
  }
}