{
  "optimizer": "COO",
  "function": "Ackley_ShiftedRotated",
  "config": "optuna_Ackley_ShiftedRotated_COO",
  "seed": 9,
  "status": "ok",
  "best_value": 0.029668945035176808,
  "best_pos": [
    -2.008255,
    2.004938
  ],
  "time_sec": 0.5289,
  "conv_hist": [
    -3.1197730162455817,
    -2.720345384460725,
    -0.029668945035176808,
    -0.029668945035176808,
    -0.029668945035176808,
    -0.029668945035176808,
    -0.029668945035176808,
    -0.029668945035176808,
    -0.029668945035176808,
    -0.029668945035176808,
    -0.029668945035176808,
    -0.029668945035176808
  ],
  "error": null,
  "pos_hist": [
    [
      -2.6769287275350138,
      2.2908562062641256
    ],
    [
      -1.0441208925609777,
      1.6437668622928685
    ],
    [
      -2.0082548438744046,
      2.004938093004594
    ],
    [
      -2.0082548438744046,
      2.004938093004594
    ],
    [
      -2.0082548438744046,
      2.004938093004594
    ],
    [
      -2.0082548438744046,
      2.004938093004594
    ],
    [
      -2.0082548438744046,
      2.004938093004594
    ],
    [
      -2.0082548438744046,
      2.004938093004594
    ],
    [
      -2.0082548438744046,
      2.004938093004594
    ],
    [
      -2.0082548438744046,
      2.004938093004594
    ],
    [
      -2.0082548438744046,
      2.004938093004594
    ],
    [
      -2.0082548438744046,
      2.004938093004594
    ]
  ],
  "diagnostics": {
    "cache_size": 1613,
    "exact_evals": 1613,
    "surrogate_calls": 0,
    "iterations": 12,
    "time_s": 0.4026494026184082,
    "diversity_history": [
      2.779832053536123,
      2.303917742233695,
      1.476452208113649,
      0.6085434057617964,
      0.6837777984114141,
      1.223669921750993,
      1.3913930128227348,
      1.2599716430269978,
      0.9191034775650235,
      0.5201743779889897,
      0.45689789046233575,
      0.6122801499542956
    ],
    "surrogate_cv_history": [],
    "retrain_log": [],
    "elitist_count": 0,
    "gradient_refinements": 84
  }
}