{
  "optimizer": "COO",
  "function": "Rastrigin_Rotated",
  "config": "optuna_Rastrigin_Rotated_COO",
  "seed": 3,
  "status": "ok",
  "best_value": 0.011142630202943593,
  "best_pos": [
    0.007481,
    -0.000461
  ],
  "time_sec": 0.1665,
  "conv_hist": [
    -11.142529552208014,
    -7.143979294739932,
    -3.2135112101976695,
    -1.8236368125453524,
    -0.011142630202943593,
    -0.011142630202943593,
    -0.011142630202943593,
    -0.011142630202943593,
    -0.011142630202943593,
    -0.011142630202943593,
    -0.011142630202943593,
    -0.011142630202943593,
    -0.011142630202943593,
    -0.011142630202943593
  ],
  "error": null,
  "pos_hist": [
    [
      -1.2943347287149742,
      1.7217004004891399
    ],
    [
      0.505346754266433,
      -1.4584590325829723
    ],
    [
      -0.9764272975263419,
      0.4659368678755611
    ],
    [
      0.3367633724278689,
      0.8685845052883922
    ],
    [
      0.0074806756291198595,
      -0.00046111567791445873
    ],
    [
      0.0074806756291198595,
      -0.00046111567791445873
    ],
    [
      0.0074806756291198595,
      -0.00046111567791445873
    ],
    [
      0.0074806756291198595,
      -0.00046111567791445873
    ],
    [
      0.0074806756291198595,
      -0.00046111567791445873
    ],
    [
      0.0074806756291198595,
      -0.00046111567791445873
    ],
    [
      0.0074806756291198595,
      -0.00046111567791445873
    ],
    [
      0.0074806756291198595,
      -0.00046111567791445873
    ],
    [
      0.0074806756291198595,
      -0.00046111567791445873
    ],
    [
      0.0074806756291198595,
      -0.00046111567791445873
    ]
  ],
  "diagnostics": {
    "cache_size": 930,
    "exact_evals": 930,
    "surrogate_calls": 0,
    "iterations": 14,
    "time_s": 0.16626644134521484,
    "diversity_history": [
      2.677047891361574,
      2.241065739842255,
      1.5299514778905403,
      0.8924183411247545,
      0.8697440006071346,
      1.2435095203165836,
      1.3897406633932996,
      1.312444677276997,
      1.0423938636532026,
      0.6929518712306705,
      0.6505550370407365,
      0.7143852348372387,
      0.6893832537436471,
      0.5599288868355945
    ],
    "surrogate_cv_history": [],
    "retrain_log": [],
    "elitist_count": 0,
    "gradient_refinements": 41
  }
}