{
  "optimizer": "COO",
  "function": "Rastrigin_Rotated",
  "config": "optuna_Rastrigin_Rotated_COO",
  "seed": 0,
  "status": "ok",
  "best_value": 0.051287801217000606,
  "best_pos": [
    -0.010987,
    -0.011746
  ],
  "time_sec": 0.1216,
  "conv_hist": [
    -7.615525233982154,
    -5.152205842969259,
    -4.985082012135583,
    -1.0026485785462995,
    -1.0026485785462995,
    -0.9980797548533964,
    -0.9980797548533964,
    -0.9980797548533964,
    -0.9980797548533964,
    -0.9980797548533964,
    -0.9980797548533964,
    -0.9980797548533964,
    -0.051287801217000606,
    -0.051287801217000606,
    -0.051287801217000606,
    -0.051287801217000606,
    -0.051287801217000606,
    -0.051287801217000606,
    -0.051287801217000606,
    -0.051287801217000606,
    -0.051287801217000606,
    -0.051287801217000606
  ],
  "error": null,
  "pos_hist": [
    [
      -1.4386390981244315,
      -0.6447927930947435
    ],
    [
      -1.456650128114744,
      1.6975683578168443
    ],
    [
      -1.4735859137114793,
      1.6763615773687626
    ],
    [
      -0.9156600038962291,
      0.37488954318435874
    ],
    [
      -0.9156600038962291,
      0.37488954318435874
    ],
    [
      0.37791657344446705,
      0.9235289893733464
    ],
    [
      0.37791657344446705,
      0.9235289893733464
    ],
    [
      0.37791657344446705,
      0.9235289893733464
    ],
    [
      0.37791657344446705,
      0.9235289893733464
    ],
    [
      0.37791657344446705,
      0.9235289893733464
    ],
    [
      0.37791657344446705,
      0.9235289893733464
    ],
    [
      0.37791657344446705,
      0.9235289893733464
    ],
    [
      -0.010987467877743115,
      -0.011745761691393204
    ],
    [
      -0.010987467877743115,
      -0.011745761691393204
    ],
    [
      -0.010987467877743115,
      -0.011745761691393204
    ],
    [
      -0.010987467877743115,
      -0.011745761691393204
    ],
    [
      -0.010987467877743115,
      -0.011745761691393204
    ],
    [
      -0.010987467877743115,
      -0.011745761691393204
    ],
    [
      -0.010987467877743115,
      -0.011745761691393204
    ],
    [
      -0.010987467877743115,
      -0.011745761691393204
    ],
    [
      -0.010987467877743115,
      -0.011745761691393204
    ],
    [
      -0.010987467877743115,
      -0.011745761691393204
    ]
  ],
  "diagnostics": {
    "cache_size": 1434,
    "exact_evals": 1434,
    "surrogate_calls": 0,
    "iterations": 22,
    "time_s": 0.12134218215942383,
    "diversity_history": [
      2.90516770991858,
      2.4448312613192824,
      1.611770653676344,
      0.80275644640153,
      0.6990200135641186,
      1.1737331523218932,
      1.4171088294644325,
      1.3023932751487537,
      0.9830782590374316,
      0.7115207992876857,
      0.7553990069924117,
      0.957464585461244,
      0.9786797977939563,
      0.8641445781738781,
      0.6457495939437126,
      0.43861344033701233,
      0.3636147174483533,
      0.3740106118927158,
      0.4092022504263707,
      0.38667967128733505,
      0.36520308633259346,
      0.38160599258371874
    ],
    "surrogate_cv_history": [],
    "retrain_log": [],
    "elitist_count": 0,
    "gradient_refinements": 66
  }
}