{
  "optimizer": "COO",
  "function": "Rastrigin_ShiftedRotated",
  "config": "optuna_Rastrigin_ShiftedRotated_COO",
  "seed": 3,
  "status": "ok",
  "best_value": 0.0004899937532378829,
  "best_pos": [
    2.499195,
    -3.00135
  ],
  "time_sec": 0.4739,
  "conv_hist": [
    -8.266013998779327,
    -0.11699560730508551,
    -0.11699560730508551,
    -0.11699560730508551,
    -0.11699560730508551,
    -0.11699560730508551,
    -0.11699560730508551,
    -0.11699560730508551,
    -0.11699560730508551,
    -0.11699560730508551,
    -0.0004899937532378829,
    -0.0004899937532378829,
    -0.0004899937532378829,
    -0.0004899937532378829,
    -0.0004899937532378829,
    -0.0004899937532378829,
    -0.0004899937532378829,
    -0.0004899937532378829,
    -0.0004899937532378829,
    -0.0004899937532378829
  ],
  "error": null,
  "pos_hist": [
    [
      4.829210687217333,
      -2.7588177474040423
    ],
    [
      2.502890449806863,
      -2.9758678960061467
    ],
    [
      2.502890449806863,
      -2.9758678960061467
    ],
    [
      2.502890449806863,
      -2.9758678960061467
    ],
    [
      2.502890449806863,
      -2.9758678960061467
    ],
    [
      2.502890449806863,
      -2.9758678960061467
    ],
    [
      2.502890449806863,
      -2.9758678960061467
    ],
    [
      2.502890449806863,
      -2.9758678960061467
    ],
    [
      2.502890449806863,
      -2.9758678960061467
    ],
    [
      2.502890449806863,
      -2.9758678960061467
    ],
    [
      2.499194757458577,
      -3.001349603123989
    ],
    [
      2.499194757458577,
      -3.001349603123989
    ],
    [
      2.499194757458577,
      -3.001349603123989
    ],
    [
      2.499194757458577,
      -3.001349603123989
    ],
    [
      2.499194757458577,
      -3.001349603123989
    ],
    [
      2.499194757458577,
      -3.001349603123989
    ],
    [
      2.499194757458577,
      -3.001349603123989
    ],
    [
      2.499194757458577,
      -3.001349603123989
    ],
    [
      2.499194757458577,
      -3.001349603123989
    ],
    [
      2.499194757458577,
      -3.001349603123989
    ]
  ],
  "diagnostics": {
    "cache_size": 1789,
    "exact_evals": 1789,
    "surrogate_calls": 0,
    "iterations": 20,
    "time_s": 0.47365379333496094,
    "diversity_history": [
      2.7205216806456294,
      2.275792765081757,
      1.484714921938734,
      0.8336220955079405,
      0.9188688894168766,
      1.239469559811686,
      1.2764758674891716,
      1.1375854815367012,
      0.9509214526307437,
      0.7761299887154194,
      0.7408834265533044,
      0.8337289348771943,
      0.8766502745327764,
      0.7852774838014195,
      0.6686402446278009,
      0.597825454006129,
      0.5542597237757773,
      0.5465889451548389,
      0.5596699175627663,
      0.4827650648427613
    ],
    "surrogate_cv_history": [],
    "retrain_log": [],
    "elitist_count": 0,
    "gradient_refinements": 88
  }
}