{
  "optimizer": "COO",
  "function": "Rastrigin_ShiftedRotated",
  "config": "optuna_Rastrigin_ShiftedRotated_COO",
  "seed": 7,
  "status": "ok",
  "best_value": 0.048751530157435496,
  "best_pos": [
    2.494008,
    -3.014492
  ],
  "time_sec": 0.3465,
  "conv_hist": [
    -5.760471045823897,
    -5.760471045823897,
    -3.627400154280082,
    -0.9253131910732151,
    -0.9253131910732151,
    -0.9253131910732151,
    -0.7127847695447329,
    -0.048751530157435496,
    -0.048751530157435496,
    -0.048751530157435496,
    -0.048751530157435496,
    -0.048751530157435496,
    -0.048751530157435496,
    -0.048751530157435496,
    -0.048751530157435496,
    -0.048751530157435496,
    -0.048751530157435496
  ],
  "error": null,
  "pos_hist": [
    [
      0.7436834062740889,
      -2.2932577450936824
    ],
    [
      0.7436834062740889,
      -2.2932577450936824
    ],
    [
      2.008532272280053,
      -3.921812521716367
    ],
    [
      2.5034437001849867,
      -2.931364946787484
    ],
    [
      2.5034437001849867,
      -2.931364946787484
    ],
    [
      2.5034437001849867,
      -2.931364946787484
    ],
    [
      2.516919343374144,
      -3.0576972939657288
    ],
    [
      2.4940084112356513,
      -3.0144924807168993
    ],
    [
      2.4940084112356513,
      -3.0144924807168993
    ],
    [
      2.4940084112356513,
      -3.0144924807168993
    ],
    [
      2.4940084112356513,
      -3.0144924807168993
    ],
    [
      2.4940084112356513,
      -3.0144924807168993
    ],
    [
      2.4940084112356513,
      -3.0144924807168993
    ],
    [
      2.4940084112356513,
      -3.0144924807168993
    ],
    [
      2.4940084112356513,
      -3.0144924807168993
    ],
    [
      2.4940084112356513,
      -3.0144924807168993
    ],
    [
      2.4940084112356513,
      -3.0144924807168993
    ]
  ],
  "diagnostics": {
    "cache_size": 1533,
    "exact_evals": 1533,
    "surrogate_calls": 0,
    "iterations": 17,
    "time_s": 0.3463404178619385,
    "diversity_history": [
      2.774520222614259,
      2.3565524040295704,
      1.6622128258769258,
      1.0924302861094717,
      1.1708334353761836,
      1.345798638791515,
      1.2917111000982893,
      1.152207440274469,
      0.9370136763024923,
      0.7511250350618598,
      0.6866903612958402,
      0.7282277754831958,
      0.7311448086053152,
      0.6809832929731231,
      0.6006328345180374,
      0.5538741694314657,
      0.508503694871205
    ],
    "surrogate_cv_history": [],
    "retrain_log": [],
    "elitist_count": 0,
    "gradient_refinements": 75
  }
}