{
  "optimizer": "COO",
  "function": "Rastrigin_Rotated",
  "config": "optuna_Rastrigin_Rotated_COO",
  "seed": 2,
  "status": "ok",
  "best_value": 0.0379412075829606,
  "best_pos": [
    0.011046,
    -0.008327
  ],
  "time_sec": 0.1064,
  "conv_hist": [
    -7.008750933863656,
    -6.142623761572004,
    -3.8328706214618045,
    -1.9906962301289397,
    -1.9906962301289397,
    -1.7620288715669545,
    -1.7620288715669545,
    -1.0012136641015452,
    -1.0012136641015452,
    -1.0012136641015452,
    -1.0012136641015452,
    -1.0012136641015452,
    -0.2556576939112425,
    -0.0379412075829606,
    -0.0379412075829606,
    -0.0379412075829606,
    -0.0379412075829606,
    -0.0379412075829606,
    -0.0379412075829606,
    -0.0379412075829606,
    -0.0379412075829606,
    -0.0379412075829606,
    -0.0379412075829606
  ],
  "error": null,
  "pos_hist": [
    [
      -0.8154337066241126,
      -1.737371432920329
    ],
    [
      1.9160579911520208,
      -0.8251635613357324
    ],
    [
      0.6446458890340666,
      -1.3037902676294844
    ],
    [
      -1.2945546480115062,
      -0.5464106172929678
    ],
    [
      -1.2945546480115062,
      -0.5464106172929678
    ],
    [
      0.4366489522404417,
      0.9257077757308542
    ],
    [
      0.4366489522404417,
      0.9257077757308542
    ],
    [
      -0.9272008257464391,
      0.37257783645585385
    ],
    [
      -0.9272008257464391,
      0.37257783645585385
    ],
    [
      -0.9272008257464391,
      0.37257783645585385
    ],
    [
      -0.9272008257464391,
      0.37257783645585385
    ],
    [
      -0.9272008257464391,
      0.37257783645585385
    ],
    [
      0.016279929561385683,
      -0.03203737656871189
    ],
    [
      0.011045714693511895,
      -0.008327108768451177
    ],
    [
      0.011045714693511895,
      -0.008327108768451177
    ],
    [
      0.011045714693511895,
      -0.008327108768451177
    ],
    [
      0.011045714693511895,
      -0.008327108768451177
    ],
    [
      0.011045714693511895,
      -0.008327108768451177
    ],
    [
      0.011045714693511895,
      -0.008327108768451177
    ],
    [
      0.011045714693511895,
      -0.008327108768451177
    ],
    [
      0.011045714693511895,
      -0.008327108768451177
    ],
    [
      0.011045714693511895,
      -0.008327108768451177
    ],
    [
      0.011045714693511895,
      -0.008327108768451177
    ]
  ],
  "diagnostics": {
    "cache_size": 1497,
    "exact_evals": 1497,
    "surrogate_calls": 0,
    "iterations": 23,
    "time_s": 0.10619187355041504,
    "diversity_history": [
      2.6296263213871263,
      2.238846828770142,
      1.5268072766400758,
      0.9267633698749569,
      1.0771451216699108,
      1.4332630921679268,
      1.4904361109201103,
      1.3693417050531167,
      1.0663789213069228,
      0.7966780729867813,
      0.7184739831787101,
      0.7252181911470679,
      0.728126298310962,
      0.6134779742397831,
      0.4801732989015912,
      0.3866326948643568,
      0.3781520843124966,
      0.34273593030479627,
      0.29722096169817425,
      0.27523052034637796,
      0.3096922405249165,
      0.3437979337271728,
      0.41200632009575267
    ],
    "surrogate_cv_history": [],
    "retrain_log": [],
    "elitist_count": 0,
    "gradient_refinements": 68
  }
}