{
  "optimizer": "COO",
  "function": "Rastrigin_Rotated",
  "config": "optuna_Rastrigin_Rotated_COO",
  "seed": 4,
  "status": "ok",
  "best_value": 0.12552086366235926,
  "best_pos": [
    -0.001805,
    0.025106
  ],
  "time_sec": 0.2366,
  "conv_hist": [
    -6.486534756709769,
    -5.173926953430833,
    -1.1761507096077395,
    -0.12552086366235926,
    -0.12552086366235926,
    -0.12552086366235926,
    -0.12552086366235926,
    -0.12552086366235926,
    -0.12552086366235926,
    -0.12552086366235926,
    -0.12552086366235926,
    -0.12552086366235926,
    -0.12552086366235926
  ],
  "error": null,
  "pos_hist": [
    [
      -1.7287730883469035,
      0.7387010075929457
    ],
    [
      0.48091618517541374,
      1.0252071654384838
    ],
    [
      0.9139511624913251,
      -0.4035303601072302
    ],
    [
      -0.0018050577694478853,
      0.02510644150133656
    ],
    [
      -0.0018050577694478853,
      0.02510644150133656
    ],
    [
      -0.0018050577694478853,
      0.02510644150133656
    ],
    [
      -0.0018050577694478853,
      0.02510644150133656
    ],
    [
      -0.0018050577694478853,
      0.02510644150133656
    ],
    [
      -0.0018050577694478853,
      0.02510644150133656
    ],
    [
      -0.0018050577694478853,
      0.02510644150133656
    ],
    [
      -0.0018050577694478853,
      0.02510644150133656
    ],
    [
      -0.0018050577694478853,
      0.02510644150133656
    ],
    [
      -0.0018050577694478853,
      0.02510644150133656
    ]
  ],
  "diagnostics": {
    "cache_size": 867,
    "exact_evals": 867,
    "surrogate_calls": 0,
    "iterations": 13,
    "time_s": 0.23641157150268555,
    "diversity_history": [
      2.8419714032896066,
      2.3267838447687472,
      1.5143869448140976,
      0.78358447867301,
      0.8973393732926273,
      1.3878989806596,
      1.571228859578659,
      1.4262465802958402,
      1.0237257392770562,
      0.6624505027783265,
      0.487023389277233,
      0.629229933497842,
      0.7521313968118004
    ],
    "surrogate_cv_history": [],
    "retrain_log": [],
    "elitist_count": 0,
    "gradient_refinements": 39
  }
}