{
  "optimizer": "COO",
  "function": "Rastrigin_Rotated",
  "config": "optuna_Rastrigin_Rotated_COO",
  "seed": 6,
  "status": "ok",
  "best_value": 0.03385068787535772,
  "best_pos": [
    0.012171,
    0.004746
  ],
  "time_sec": 0.283,
  "conv_hist": [
    -9.839226799591493,
    -4.632579568491266,
    -1.8390558793162306,
    -1.8390558793162306,
    -1.833171395938578,
    -1.099791216898403,
    -0.47659238328966325,
    -0.47659238328966325,
    -0.03385068787535772,
    -0.03385068787535772,
    -0.03385068787535772,
    -0.03385068787535772,
    -0.03385068787535772,
    -0.03385068787535772,
    -0.03385068787535772,
    -0.03385068787535772,
    -0.03385068787535772,
    -0.03385068787535772
  ],
  "error": null,
  "pos_hist": [
    [
      0.18469285887251186,
      0.8075120663158488
    ],
    [
      1.200035154778,
      0.4803144936417533
    ],
    [
      0.43807412212361174,
      0.9061172099574051
    ],
    [
      0.43807412212361174,
      0.9061172099574051
    ],
    [
      0.38738489559000105,
      0.857826580870554
    ],
    [
      -0.9025388126715027,
      0.36179124323098566
    ],
    [
      0.011287896091802033,
      -0.0478058594058627
    ],
    [
      0.011287896091802033,
      -0.0478058594058627
    ],
    [
      0.012171474420134859,
      0.004746390000573121
    ],
    [
      0.012171474420134859,
      0.004746390000573121
    ],
    [
      0.012171474420134859,
      0.004746390000573121
    ],
    [
      0.012171474420134859,
      0.004746390000573121
    ],
    [
      0.012171474420134859,
      0.004746390000573121
    ],
    [
      0.012171474420134859,
      0.004746390000573121
    ],
    [
      0.012171474420134859,
      0.004746390000573121
    ],
    [
      0.012171474420134859,
      0.004746390000573121
    ],
    [
      0.012171474420134859,
      0.004746390000573121
    ],
    [
      0.012171474420134859,
      0.004746390000573121
    ]
  ],
  "diagnostics": {
    "cache_size": 1182,
    "exact_evals": 1182,
    "surrogate_calls": 0,
    "iterations": 18,
    "time_s": 0.2827773094177246,
    "diversity_history": [
      2.8109351595061076,
      2.2856833997310972,
      1.5775266860865367,
      0.8908625218717814,
      0.9299788088888266,
      1.389373210739467,
      1.58750849409012,
      1.4953713750674216,
      1.1631480993912677,
      0.754577605050988,
      0.6712541021066467,
      0.8193525228339331,
      0.9120638985467401,
      0.8140885292957689,
      0.6026904084057885,
      0.46682894936363895,
      0.3900745095812306,
      0.40421937788823525
    ],
    "surrogate_cv_history": [],
    "retrain_log": [],
    "elitist_count": 0,
    "gradient_refinements": 53
  }
}