{
  "optimizer": "COO",
  "function": "Rastrigin_Rotated",
  "config": "optuna_Rastrigin_Rotated_COO",
  "seed": 5,
  "status": "ok",
  "best_value": 0.02414110614886411,
  "best_pos": [
    -0.006832,
    -0.008663
  ],
  "time_sec": 0.11,
  "conv_hist": [
    -14.049293769075595,
    -1.007021526626751,
    -1.007021526626751,
    -1.007021526626751,
    -1.007021526626751,
    -1.007021526626751,
    -1.007021526626751,
    -0.02414110614886411,
    -0.02414110614886411,
    -0.02414110614886411,
    -0.02414110614886411,
    -0.02414110614886411,
    -0.02414110614886411,
    -0.02414110614886411,
    -0.02414110614886411,
    -0.02414110614886411,
    -0.02414110614886411
  ],
  "error": null,
  "pos_hist": [
    [
      1.318788186925909,
      0.817539176340941
    ],
    [
      0.9263925840091526,
      -0.3806643728015464
    ],
    [
      0.9263925840091526,
      -0.3806643728015464
    ],
    [
      0.9263925840091526,
      -0.3806643728015464
    ],
    [
      0.9263925840091526,
      -0.3806643728015464
    ],
    [
      0.9263925840091526,
      -0.3806643728015464
    ],
    [
      0.9263925840091526,
      -0.3806643728015464
    ],
    [
      -0.0068316612493867605,
      -0.008663358645209805
    ],
    [
      -0.0068316612493867605,
      -0.008663358645209805
    ],
    [
      -0.0068316612493867605,
      -0.008663358645209805
    ],
    [
      -0.0068316612493867605,
      -0.008663358645209805
    ],
    [
      -0.0068316612493867605,
      -0.008663358645209805
    ],
    [
      -0.0068316612493867605,
      -0.008663358645209805
    ],
    [
      -0.0068316612493867605,
      -0.008663358645209805
    ],
    [
      -0.0068316612493867605,
      -0.008663358645209805
    ],
    [
      -0.0068316612493867605,
      -0.008663358645209805
    ],
    [
      -0.0068316612493867605,
      -0.008663358645209805
    ]
  ],
  "diagnostics": {
    "cache_size": 1119,
    "exact_evals": 1119,
    "surrogate_calls": 0,
    "iterations": 17,
    "time_s": 0.10984039306640625,
    "diversity_history": [
      3.1037692984499543,
      2.55497288155141,
      1.7125507399039201,
      1.0065235457297756,
      1.0461069012897384,
      1.4291099339448814,
      1.6095704215188833,
      1.534044222260383,
      1.1347593830293348,
      0.6013676978153166,
      0.4780063882547105,
      0.6596310525066362,
      0.8244622094127112,
      0.7987240460121063,
      0.748472871499734,
      0.6461625625704948,
      0.5757162704536072
    ],
    "surrogate_cv_history": [],
    "retrain_log": [],
    "elitist_count": 0,
    "gradient_refinements": 51
  }
}