{
  "optimizer": "COO",
  "function": "Rastrigin_Rotated",
  "config": "optuna_Rastrigin_Rotated_COO",
  "seed": 9,
  "status": "ok",
  "best_value": 0.020555724674508724,
  "best_pos": [
    0.005665,
    -0.008458
  ],
  "time_sec": 0.1481,
  "conv_hist": [
    -10.563683561926902,
    -1.0926497245883198,
    -1.0926497245883198,
    -1.0926497245883198,
    -1.0926497245883198,
    -0.020555724674508724,
    -0.020555724674508724,
    -0.020555724674508724,
    -0.020555724674508724,
    -0.020555724674508724,
    -0.020555724674508724,
    -0.020555724674508724,
    -0.020555724674508724,
    -0.020555724674508724,
    -0.020555724674508724
  ],
  "error": null,
  "pos_hist": [
    [
      1.5064751467019404,
      1.4136728035060218
    ],
    [
      -0.900126419526594,
      0.3696624591912112
    ],
    [
      -0.900126419526594,
      0.3696624591912112
    ],
    [
      -0.900126419526594,
      0.3696624591912112
    ],
    [
      -0.900126419526594,
      0.3696624591912112
    ],
    [
      0.005664998164317623,
      -0.008458097620379738
    ],
    [
      0.005664998164317623,
      -0.008458097620379738
    ],
    [
      0.005664998164317623,
      -0.008458097620379738
    ],
    [
      0.005664998164317623,
      -0.008458097620379738
    ],
    [
      0.005664998164317623,
      -0.008458097620379738
    ],
    [
      0.005664998164317623,
      -0.008458097620379738
    ],
    [
      0.005664998164317623,
      -0.008458097620379738
    ],
    [
      0.005664998164317623,
      -0.008458097620379738
    ],
    [
      0.005664998164317623,
      -0.008458097620379738
    ],
    [
      0.005664998164317623,
      -0.008458097620379738
    ]
  ],
  "diagnostics": {
    "cache_size": 993,
    "exact_evals": 993,
    "surrogate_calls": 0,
    "iterations": 15,
    "time_s": 0.14795470237731934,
    "diversity_history": [
      2.8385109572184835,
      2.4152440058178746,
      1.7110525463515383,
      1.0078729390605765,
      1.0408589063092861,
      1.4928310432625365,
      1.6723593881494836,
      1.5383659218019075,
      1.1645918163667837,
      0.8544328477531532,
      0.7923362186257145,
      0.9167188579795766,
      0.8924399625691244,
      0.8342072593492171,
      0.6526790773421156
    ],
    "surrogate_cv_history": [],
    "retrain_log": [],
    "elitist_count": 0,
    "gradient_refinements": 45
  }
}