{
  "optimizer": "COO",
  "function": "Ackley_ShiftedRotated",
  "config": "optuna_Ackley_ShiftedRotated_COO",
  "seed": 0,
  "status": "ok",
  "best_value": 0.011003951679758206,
  "best_pos": [
    -1.996377,
    2.000998
  ],
  "time_sec": 0.9068,
  "conv_hist": [
    -2.8305578634350685,
    -0.7661809886422692,
    -0.2048867163899719,
    -0.014389669052750964,
    -0.014389669052750964,
    -0.014389669052750964,
    -0.014389669052750964,
    -0.014389669052750964,
    -0.011003951679758206,
    -0.011003951679758206,
    -0.011003951679758206,
    -0.011003951679758206,
    -0.011003951679758206,
    -0.011003951679758206,
    -0.011003951679758206,
    -0.011003951679758206,
    -0.011003951679758206,
    -0.011003951679758206
  ],
  "error": null,
  "pos_hist": [
    [
      -1.8143104754867636,
      1.6741037996368169
    ],
    [
      -2.01020539955007,
      1.8701876541025682
    ],
    [
      -1.9596082925012372,
      1.97110225685244
    ],
    [
      -2.003583632926629,
      2.0032898928530374
    ],
    [
      -2.003583632926629,
      2.0032898928530374
    ],
    [
      -2.003583632926629,
      2.0032898928530374
    ],
    [
      -2.003583632926629,
      2.0032898928530374
    ],
    [
      -2.003583632926629,
      2.0032898928530374
    ],
    [
      -1.9963773236190274,
      2.0009977707109177
    ],
    [
      -1.9963773236190274,
      2.0009977707109177
    ],
    [
      -1.9963773236190274,
      2.0009977707109177
    ],
    [
      -1.9963773236190274,
      2.0009977707109177
    ],
    [
      -1.9963773236190274,
      2.0009977707109177
    ],
    [
      -1.9963773236190274,
      2.0009977707109177
    ],
    [
      -1.9963773236190274,
      2.0009977707109177
    ],
    [
      -1.9963773236190274,
      2.0009977707109177
    ],
    [
      -1.9963773236190274,
      2.0009977707109177
    ],
    [
      -1.9963773236190274,
      2.0009977707109177
    ]
  ],
  "diagnostics": {
    "cache_size": 2371,
    "exact_evals": 2371,
    "surrogate_calls": 0,
    "iterations": 18,
    "time_s": 0.9065489768981934,
    "diversity_history": [
      2.854590329264708,
      2.3533814954008774,
      1.5436573809713825,
      0.698494776391114,
      0.6846693092659129,
      1.2030688416849493,
      1.3768504480752415,
      1.2633370828170707,
      0.9595933784522408,
      0.588145887419034,
      0.4900838260068222,
      0.6207881353512088,
      0.7150276809227667,
      0.6701646136260779,
      0.5429745664986569,
      0.38301622642464583,
      0.3620640674744896,
      0.3907871199861088
    ],
    "surrogate_cv_history": [],
    "retrain_log": [],
    "elitist_count": 0,
    "gradient_refinements": 124
  }
}