{
  "optimizer": "COO",
  "function": "Griewank",
  "config": "optuna_Griewank_COO",
  "seed": 9,
  "status": "ok",
  "best_value": 0.19605045588022396,
  "best_pos": [
    9.008559,
    -13.764138
  ],
  "time_sec": 0.409,
  "conv_hist": [
    -2.747942522819325,
    -2.575531038175666,
    -1.360896581480227,
    -0.21375916117146665,
    -0.21375916117146665,
    -0.21375916117146665,
    -0.21375916117146665,
    -0.21375916117146665,
    -0.21375916117146665,
    -0.21375916117146665,
    -0.19605045588022396,
    -0.19605045588022396,
    -0.19605045588022396,
    -0.19605045588022396,
    -0.19605045588022396,
    -0.19605045588022396,
    -0.19605045588022396,
    -0.19605045588022396,
    -0.19605045588022396,
    -0.19605045588022396
  ],
  "error": null,
  "pos_hist": [
    [
      -26.43118375398376,
      -77.33344228038504
    ],
    [
      -30.36894331823537,
      -78.2939247741984
    ],
    [
      -27.989553658502125,
      -66.31818238431934
    ],
    [
      3.1883132543016877,
      -3.5158526585387597
    ],
    [
      3.1883132543016877,
      -3.5158526585387597
    ],
    [
      3.1883132543016877,
      -3.5158526585387597
    ],
    [
      3.1883132543016877,
      -3.5158526585387597
    ],
    [
      3.1883132543016877,
      -3.5158526585387597
    ],
    [
      3.1883132543016877,
      -3.5158526585387597
    ],
    [
      3.1883132543016877,
      -3.5158526585387597
    ],
    [
      9.008559044803194,
      -13.764138087002907
    ],
    [
      9.008559044803194,
      -13.764138087002907
    ],
    [
      9.008559044803194,
      -13.764138087002907
    ],
    [
      9.008559044803194,
      -13.764138087002907
    ],
    [
      9.008559044803194,
      -13.764138087002907
    ],
    [
      9.008559044803194,
      -13.764138087002907
    ],
    [
      9.008559044803194,
      -13.764138087002907
    ],
    [
      9.008559044803194,
      -13.764138087002907
    ],
    [
      9.008559044803194,
      -13.764138087002907
    ],
    [
      9.008559044803194,
      -13.764138087002907
    ]
  ],
  "diagnostics": {
    "cache_size": 1851,
    "exact_evals": 1851,
    "surrogate_calls": 0,
    "iterations": 20,
    "time_s": 0.40876102447509766,
    "diversity_history": [
      339.9623820083781,
      276.0336864404927,
      169.12999060773117,
      49.014149004373635,
      69.59391546309637,
      138.92100960645544,
      165.46259280236404,
      148.81313899384125,
      100.57314175455502,
      38.929233074708634,
      30.00332506632227,
      63.083347391966456,
      73.85498170196631,
      62.193745140393176,
      37.52209700064031,
      14.365311283030593,
      20.140803986374458,
      28.079282850539943,
      27.012480513817167,
      19.068650135254654
    ],
    "surrogate_cv_history": [],
    "retrain_log": [],
    "elitist_count": 0,
    "gradient_refinements": 93
  }
}