{
  "optimizer": "COO",
  "function": "Griewank",
  "config": "optuna_Griewank_COO",
  "seed": 6,
  "status": "ok",
  "best_value": 0.13923750897781095,
  "best_pos": [
    -9.015511,
    4.067115
  ],
  "time_sec": 0.2228,
  "conv_hist": [
    -2.8015172697615567,
    -2.636356653084853,
    -1.1372204469735858,
    -0.13923750897781095,
    -0.13923750897781095,
    -0.13923750897781095,
    -0.13923750897781095,
    -0.13923750897781095,
    -0.13923750897781095,
    -0.13923750897781095,
    -0.13923750897781095,
    -0.13923750897781095,
    -0.13923750897781095
  ],
  "error": null,
  "pos_hist": [
    [
      21.643694399122523,
      94.63032027138854
    ],
    [
      37.37972273267126,
      -56.310491983507
    ],
    [
      41.041502707028194,
      -48.17733843923249
    ],
    [
      -9.015510506253696,
      4.067115357508771
    ],
    [
      -9.015510506253696,
      4.067115357508771
    ],
    [
      -9.015510506253696,
      4.067115357508771
    ],
    [
      -9.015510506253696,
      4.067115357508771
    ],
    [
      -9.015510506253696,
      4.067115357508771
    ],
    [
      -9.015510506253696,
      4.067115357508771
    ],
    [
      -9.015510506253696,
      4.067115357508771
    ],
    [
      -9.015510506253696,
      4.067115357508771
    ],
    [
      -9.015510506253696,
      4.067115357508771
    ],
    [
      -9.015510506253696,
      4.067115357508771
    ]
  ],
  "diagnostics": {
    "cache_size": 1249,
    "exact_evals": 1249,
    "surrogate_calls": 0,
    "iterations": 13,
    "time_s": 0.2225818634033203,
    "diversity_history": [
      334.0341468080787,
      271.3806591081833,
      166.78052074200448,
      46.170212549204116,
      73.6931664919401,
      144.25434952507922,
      169.83701019177158,
      152.60628069252647,
      103.43191732140124,
      42.35488127920636,
      31.663059303968502,
      62.85516068964333,
      74.30302155612452
    ],
    "surrogate_cv_history": [],
    "retrain_log": [],
    "elitist_count": 0,
    "gradient_refinements": 65
  }
}