{
  "optimizer": "COO",
  "function": "Griewank",
  "config": "optuna_Griewank_COO",
  "seed": 0,
  "status": "ok",
  "best_value": 0.17915026473565165,
  "best_pos": [
    18.767602,
    9.401891
  ],
  "time_sec": 0.2938,
  "conv_hist": [
    -3.414366072622469,
    -1.1283687523721697,
    -0.8836445277022894,
    -0.5383586272223113,
    -0.21633763154526597,
    -0.21633763154526597,
    -0.21633763154526597,
    -0.17915026473565165,
    -0.17915026473565165,
    -0.17915026473565165,
    -0.17915026473565165,
    -0.17915026473565165,
    -0.17915026473565165,
    -0.17915026473565165,
    -0.17915026473565165,
    -0.17915026473565165,
    -0.17915026473565165
  ],
  "error": null,
  "pos_hist": [
    [
      -52.6196013401418,
      82.12073864237823
    ],
    [
      6.83252440151541,
      -61.999585754155
    ],
    [
      6.7736916148612725,
      -53.7040497568482
    ],
    [
      -11.863503526050549,
      1.217707151079345
    ],
    [
      0.41732037041423997,
      -8.172671217720401
    ],
    [
      0.41732037041423997,
      -8.172671217720401
    ],
    [
      0.41732037041423997,
      -8.172671217720401
    ],
    [
      18.767602192940508,
      9.401890969764889
    ],
    [
      18.767602192940508,
      9.401890969764889
    ],
    [
      18.767602192940508,
      9.401890969764889
    ],
    [
      18.767602192940508,
      9.401890969764889
    ],
    [
      18.767602192940508,
      9.401890969764889
    ],
    [
      18.767602192940508,
      9.401890969764889
    ],
    [
      18.767602192940508,
      9.401890969764889
    ],
    [
      18.767602192940508,
      9.401890969764889
    ],
    [
      18.767602192940508,
      9.401890969764889
    ],
    [
      18.767602192940508,
      9.401890969764889
    ]
  ],
  "diagnostics": {
    "cache_size": 1593,
    "exact_evals": 1593,
    "surrogate_calls": 0,
    "iterations": 17,
    "time_s": 0.2935791015625,
    "diversity_history": [
      335.5012215402722,
      277.40120028400065,
      175.9384344107045,
      61.14188656493384,
      66.64668652836232,
      136.70572918647898,
      165.80278882624526,
      152.43711652519454,
      108.05686379856567,
      50.06380975345404,
      31.017033947741055,
      58.42853871606091,
      70.59331867614384,
      61.459047650950865,
      39.36011362284982,
      19.674510814229816,
      22.69167629026989
    ],
    "surrogate_cv_history": [],
    "retrain_log": [],
    "elitist_count": 0,
    "gradient_refinements": 81
  }
}