{
  "optimizer": "COO",
  "function": "Griewank",
  "config": "optuna_Griewank_COO",
  "seed": 5,
  "status": "ok",
  "best_value": 0.00652944710274983,
  "best_pos": [
    -0.042505,
    -0.150074
  ],
  "time_sec": 0.5,
  "conv_hist": [
    -2.007203448349534,
    -1.422853632280375,
    -1.422853632280375,
    -0.3264529396476473,
    -0.10719863302149857,
    -0.10719863302149857,
    -0.10719863302149857,
    -0.00652944710274983,
    -0.00652944710274983,
    -0.00652944710274983,
    -0.00652944710274983,
    -0.00652944710274983,
    -0.00652944710274983,
    -0.00652944710274983,
    -0.00652944710274983,
    -0.00652944710274983,
    -0.00652944710274983
  ],
  "error": null,
  "pos_hist": [
    [
      17.685560400814893,
      -64.07060649322409
    ],
    [
      21.449459245425356,
      -66.05125302814079
    ],
    [
      21.449459245425356,
      -66.05125302814079
    ],
    [
      0.14559960117703538,
      35.54521540729929
    ],
    [
      -15.850381406101658,
      4.093371981854637
    ],
    [
      -15.850381406101658,
      4.093371981854637
    ],
    [
      -15.850381406101658,
      4.093371981854637
    ],
    [
      -0.04250520359262215,
      -0.1500735462117999
    ],
    [
      -0.04250520359262215,
      -0.1500735462117999
    ],
    [
      -0.04250520359262215,
      -0.1500735462117999
    ],
    [
      -0.04250520359262215,
      -0.1500735462117999
    ],
    [
      -0.04250520359262215,
      -0.1500735462117999
    ],
    [
      -0.04250520359262215,
      -0.1500735462117999
    ],
    [
      -0.04250520359262215,
      -0.1500735462117999
    ],
    [
      -0.04250520359262215,
      -0.1500735462117999
    ],
    [
      -0.04250520359262215,
      -0.1500735462117999
    ],
    [
      -0.04250520359262215,
      -0.1500735462117999
    ]
  ],
  "diagnostics": {
    "cache_size": 1593,
    "exact_evals": 1593,
    "surrogate_calls": 0,
    "iterations": 17,
    "time_s": 0.49980831146240234,
    "diversity_history": [
      364.66646932439176,
      299.12837629483624,
      189.54333053884824,
      71.2074263243718,
      78.46003281547763,
      150.79265661550147,
      180.5907126583702,
      163.54708628880155,
      112.07634720741174,
      45.721921967571845,
      32.513537084831945,
      70.04126219283367,
      82.84911921742545,
      70.28513710740242,
      42.13263370705167,
      14.513421152507338,
      23.901967839898916
    ],
    "surrogate_cv_history": [],
    "retrain_log": [],
    "elitist_count": 0,
    "gradient_refinements": 81
  }
}