{
  "optimizer": "COO",
  "function": "Sphere",
  "config": "optuna_Sphere_COO",
  "seed": 2,
  "status": "ok",
  "best_value": 0.00010801573513015146,
  "best_pos": [
    -0.00872,
    0.005654
  ],
  "time_sec": 0.0468,
  "conv_hist": [
    -0.6649554605677603,
    -0.05800880239880001,
    -0.05800880239880001,
    -0.0009919194755244297,
    -0.0009919194755244297,
    -0.0009919194755244297,
    -0.0009919194755244297,
    -0.0009919194755244297,
    -0.0009919194755244297,
    -0.0009919194755244297,
    -0.0009919194755244297,
    -0.0009919194755244297,
    -0.00010801573513015146,
    -0.00010801573513015146,
    -0.00010801573513015146,
    -0.00010801573513015146,
    -0.00010801573513015146,
    -0.00010801573513015146,
    -0.00010801573513015146,
    -0.00010801573513015146,
    -0.00010801573513015146,
    -0.00010801573513015146
  ],
  "error": null,
  "pos_hist": [
    [
      0.49662477878709144,
      -0.6467760738172315
    ],
    [
      0.06535192089990377,
      -0.2318144275783816
    ],
    [
      0.06535192089990377,
      -0.2318144275783816
    ],
    [
      0.013193214093351228,
      -0.02859822682285439
    ],
    [
      0.013193214093351228,
      -0.02859822682285439
    ],
    [
      0.013193214093351228,
      -0.02859822682285439
    ],
    [
      0.013193214093351228,
      -0.02859822682285439
    ],
    [
      0.013193214093351228,
      -0.02859822682285439
    ],
    [
      0.013193214093351228,
      -0.02859822682285439
    ],
    [
      0.013193214093351228,
      -0.02859822682285439
    ],
    [
      0.013193214093351228,
      -0.02859822682285439
    ],
    [
      0.013193214093351228,
      -0.02859822682285439
    ],
    [
      -0.00872027870458834,
      0.0056544207877071324
    ],
    [
      -0.00872027870458834,
      0.0056544207877071324
    ],
    [
      -0.00872027870458834,
      0.0056544207877071324
    ],
    [
      -0.00872027870458834,
      0.0056544207877071324
    ],
    [
      -0.00872027870458834,
      0.0056544207877071324
    ],
    [
      -0.00872027870458834,
      0.0056544207877071324
    ],
    [
      -0.00872027870458834,
      0.0056544207877071324
    ],
    [
      -0.00872027870458834,
      0.0056544207877071324
    ],
    [
      -0.00872027870458834,
      0.0056544207877071324
    ],
    [
      -0.00872027870458834,
      0.0056544207877071324
    ]
  ],
  "diagnostics": {
    "cache_size": 1114,
    "exact_evals": 1114,
    "surrogate_calls": 0,
    "iterations": 22,
    "time_s": 0.046549320220947266,
    "diversity_history": [
      2.6090747647752353,
      2.1455462405188546,
      1.3153796072716684,
      0.474594303018176,
      0.7121377255173919,
      1.1898493855360455,
      1.369748446107324,
      1.1824839087417027,
      0.8355212856020371,
      0.5033746186545448,
      0.464527696359764,
      0.6092961723024297,
      0.6677821266933985,
      0.6029939056951936,
      0.4282790742581999,
      0.3356617068380964,
      0.3185773936024878,
      0.37237273226035617,
      0.42132552298837955,
      0.3885501488146059,
      0.28825305374860966,
      0.2547577947146251
    ],
    "surrogate_cv_history": [],
    "retrain_log": [],
    "elitist_count": 0,
    "gradient_refinements": 48
  }
}