{
  "optimizer": "COO",
  "function": "Sphere",
  "config": "optuna_Sphere_COO",
  "seed": 4,
  "status": "ok",
  "best_value": 0.0025082641975772042,
  "best_pos": [
    -0.040742,
    0.029126
  ],
  "time_sec": 0.0746,
  "conv_hist": [
    -1.094249057699798,
    -0.7582005823727443,
    -0.09996920199467385,
    -0.0025082641975772042,
    -0.0025082641975772042,
    -0.0025082641975772042,
    -0.0025082641975772042,
    -0.0025082641975772042,
    -0.0025082641975772042,
    -0.0025082641975772042,
    -0.0025082641975772042,
    -0.0025082641975772042,
    -0.0025082641975772042
  ],
  "error": null,
  "pos_hist": [
    [
      0.147339709131451,
      1.035635103602064
    ],
    [
      -0.8568520949998966,
      0.15493569526430148
    ],
    [
      0.17813741796663884,
      0.2612207157077188
    ],
    [
      -0.04074235753244163,
      0.029126010716812915
    ],
    [
      -0.04074235753244163,
      0.029126010716812915
    ],
    [
      -0.04074235753244163,
      0.029126010716812915
    ],
    [
      -0.04074235753244163,
      0.029126010716812915
    ],
    [
      -0.04074235753244163,
      0.029126010716812915
    ],
    [
      -0.04074235753244163,
      0.029126010716812915
    ],
    [
      -0.04074235753244163,
      0.029126010716812915
    ],
    [
      -0.04074235753244163,
      0.029126010716812915
    ],
    [
      -0.04074235753244163,
      0.029126010716812915
    ],
    [
      -0.04074235753244163,
      0.029126010716812915
    ]
  ],
  "diagnostics": {
    "cache_size": 682,
    "exact_evals": 682,
    "surrogate_calls": 0,
    "iterations": 13,
    "time_s": 0.07432723045349121,
    "diversity_history": [
      2.765931445444264,
      2.3063926308892375,
      1.4472087465539127,
      0.6439991483225825,
      0.7083046973720926,
      1.2456941542428597,
      1.432428765022837,
      1.3018548886929544,
      0.9613603524312626,
      0.5398706597927234,
      0.4863327738397861,
      0.6487235149103747,
      0.7327322514453017
    ],
    "surrogate_cv_history": [],
    "retrain_log": [],
    "elitist_count": 0,
    "gradient_refinements": 29
  }
}